player,player_id,team,pos,last_game_date,games_history,projected_minutes,mpg,usage,ts,roll5_pts,roll5_reb,roll5_ast,roll5_threes,roll5_pra,roll10_pts,roll10_reb,roll10_ast,roll10_threes,starter_rate_l10,minutes_sd_l10,minutes_floor_p20,minutes_ceiling_p80,rotation_stability_score,rotation_risk_band,projected_role,profile_source
Aaron Gordon,3064290,Denver Nuggets,F,2026-10-04,319,31.035,33.7,0.17423,0.59259,10.6,8.6,3.2,1.5,22.4,14.8,7.9,2.9,1.778,1.0,9.839,26.6,39.4,89.78,STABLE,STARTER,PRIOR_BOX_SCORES
Ace Bailey,4873138,Utah Jazz,G,2026-10-04,1,20.0,20.0,0.239,,10.0,5.0,0.0,,15.0,10.0,5.0,0.0,,0.0,0.0,20.0,20.0,59.5,VOLATILE,BENCH,PRIOR_BOX_SCORES
Al Horford,3213,Golden State Warriors,C,2026-10-04,331,28.91,30.6,0.13625,0.64934,9.0,4.8,1.6,2.0,15.4,7.7,5.4,1.7,1.333,0.9,6.328,26.4,35.0,90.76,STABLE,STARTER,PRIOR_BOX_SCORES
Alex Toohey,5170949,Golden State Warriors,F,2026-10-04,1,8.0,8.0,0.0,,2.0,0.0,1.0,,3.0,2.0,0.0,1.0,,0.0,0.0,8.0,8.0,59.5,VOLATILE,BENCH,PRIOR_BOX_SCORES
Alpha Diallo,4065813,Denver Nuggets,F,2026-10-04,1,13.0,13.0,0.33566,,2.0,3.0,2.0,,7.0,2.0,3.0,2.0,,0.0,0.0,13.0,13.0,59.5,VOLATILE,BENCH,PRIOR_BOX_SCORES
Andrew Wiggins,3059319,Miami Heat,F,2026-10-03,285,27.78,29.6,0.21708,0.4875,11.6,2.8,1.8,1.75,16.2,13.8,4.7,3.1,2.0,1.0,8.224,23.6,35.6,90.28,STABLE,STARTER,PRIOR_BOX_SCORES
Baba Miller,5075626,LA Clippers,F,2026-10-04,1,20.0,20.0,0.11476,,9.0,6.0,0.0,,15.0,9.0,6.0,0.0,,0.0,0.0,20.0,20.0,59.5,VOLATILE,BENCH,PRIOR_BOX_SCORES
Bam Adebayo,4066261,Miami Heat,C,2026-10-03,339,33.69,34.6,0.24564,0.54801,16.0,10.0,3.4,1.75,29.4,18.4,10.3,3.7,1.889,1.0,9.468,30.0,42.2,90.42,STABLE,STARTER,PRIOR_BOX_SCORES
Bez Mbeng,4898237,Miami Heat,G,2026-10-03,1,18.0,18.0,0.21244,,11.0,3.0,3.0,,17.0,11.0,3.0,3.0,,0.0,0.0,18.0,18.0,59.5,VOLATILE,BENCH,PRIOR_BOX_SCORES
Blake Hinson,4396963,Utah Jazz,F,2026-10-04,1,17.0,17.0,0.0,,14.0,6.0,0.0,,20.0,14.0,6.0,0.0,,0.0,0.0,17.0,17.0,59.5,VOLATILE,BENCH,PRIOR_BOX_SCORES
Blake Wesley,4683935,LA Clippers,G,2026-10-04,156,21.535,20.3,0.16346,0.45174,7.0,1.8,3.6,0.0,12.4,6.1,2.2,2.5,0.333,0.0,5.515,17.6,23.8,90.49,STABLE,BENCH,PRIOR_BOX_SCORES
Bobby Portis,3064482,Miami Heat,F,2026-10-03,303,28.38,27.6,0.21022,0.51847,14.0,7.2,1.8,2.5,23.0,13.1,7.8,1.5,1.667,0.1,8.249,22.8,32.2,87.54,STABLE,BENCH,PRIOR_BOX_SCORES
Brandin Podziemski,4709138,Golden State Warriors,G,2026-10-04,152,32.295,32.1,0.18396,0.46295,12.4,5.0,3.0,1.5,20.4,11.8,5.0,3.2,2.0,0.9,7.503,27.4,39.2,89.82,STABLE,STARTER,PRIOR_BOX_SCORES
Brandon Williams,4397040,Golden State Warriors,G,2026-10-04,76,17.805,19.3,0.26142,0.60591,12.2,2.0,3.6,1.5,17.8,13.1,2.3,3.9,1.0,0.1,5.711,16.0,23.0,87.64,STABLE,BENCH,PRIOR_BOX_SCORES
Brook Lopez,3448,LA Clippers,C,2026-10-04,280,14.65,19.2,0.18773,0.48323,3.4,1.4,0.8,1.0,5.6,7.4,3.3,1.0,1.111,0.8,8.171,13.6,25.6,81.11,STABLE,STARTER,PRIOR_BOX_SCORES
Bryce Hopkins,4565698,Denver Nuggets,F,2026-10-04,1,12.0,12.0,0.0,,1.0,2.0,0.0,,3.0,1.0,2.0,0.0,,0.0,0.0,12.0,12.0,59.5,VOLATILE,BENCH,PRIOR_BOX_SCORES
Cam Christie,4845363,LA Clippers,G,2026-10-04,16,7.935,6.7,0.15941,0.28399,2.6,2.0,0.6,0.25,5.2,1.8,1.5,0.6,0.111,0.0,7.444,2.6,7.0,65.0,MODERATE,BENCH,PRIOR_BOX_SCORES
Cam Whitmore,5105592,Denver Nuggets,F,2026-10-04,102,9.175,12.1,0.17754,0.49069,3.2,1.0,0.4,0.5,4.6,7.5,2.1,0.8,1.222,0.2,12.653,1.8,20.0,61.0,MODERATE,BENCH,PRIOR_BOX_SCORES
Cameron Johnson,3138196,Denver Nuggets,F,2026-10-04,241,26.495,28.9,0.21699,0.626,14.8,4.4,5.2,1.5,24.4,16.9,4.9,4.9,2.0,1.0,6.992,23.2,35.2,91.53,STABLE,STARTER,PRIOR_BOX_SCORES
Charles Bassey,4397886,Golden State Warriors,C,2026-10-04,115,9.795,10.9,0.17881,0.58014,4.4,2.8,0.8,0.0,8.0,4.9,4.5,0.6,0.0,0.1,7.006,5.4,16.2,75.5,MODERATE,BENCH,PRIOR_BOX_SCORES
Christian Braun,4431767,Denver Nuggets,G,2026-10-04,282,35.255,36.1,0.1297,0.5706,14.6,5.8,2.8,2.25,23.2,13.0,5.9,2.3,2.0,1.0,8.7,31.6,43.0,91.57,STABLE,STARTER,PRIOR_BOX_SCORES
Chucky Hepburn,4590360,Toronto Raptors,G,2026-10-03,1,25.0,25.0,0.20295,,11.0,4.0,2.0,,17.0,11.0,4.0,2.0,,0.0,0.0,25.0,25.0,59.5,VOLATILE,BENCH,PRIOR_BOX_SCORES
Coleman Hawkins,4432976,Denver Nuggets,F,2026-10-04,1,3.0,3.0,0.0,,0.0,0.0,0.0,,0.0,0.0,0.0,0.0,,0.0,0.0,3.0,3.0,59.5,VOLATILE,BENCH,PRIOR_BOX_SCORES
Collin Murray-Boyles,5093267,Toronto Raptors,F,2026-10-03,1,20.0,20.0,0.0,,6.0,9.0,1.0,,16.0,6.0,9.0,1.0,,0.0,0.0,20.0,20.0,59.5,VOLATILE,BENCH,PRIOR_BOX_SCORES
DaRon Holmes II,4433607,Denver Nuggets,F,2026-10-04,1,12.0,12.0,0.0,,4.0,1.0,1.0,,6.0,4.0,1.0,1.0,,0.0,0.0,12.0,12.0,59.5,VOLATILE,BENCH,PRIOR_BOX_SCORES
Dalen Terry,4433159,Golden State Warriors,G,2026-10-04,173,16.645,17.1,0.12533,0.37407,5.6,3.2,1.4,0.75,10.2,4.2,3.1,1.7,0.556,0.2,5.147,12.8,23.2,85.47,STABLE,BENCH,PRIOR_BOX_SCORES
Dane Goodwin,4395667,Denver Nuggets,G,2026-10-04,1,3.0,3.0,0.0,,0.0,1.0,0.0,,1.0,0.0,1.0,0.0,,0.0,0.0,3.0,3.0,59.5,VOLATILE,BENCH,PRIOR_BOX_SCORES
Darius Garland,4396907,LA Clippers,G,2026-10-04,296,27.345,29.1,0.25984,0.56884,15.6,2.2,5.4,1.25,23.2,18.7,2.3,6.4,2.444,1.0,5.43,26.6,33.0,93.47,STABLE,STARTER,PRIOR_BOX_SCORES
Darryn Peterson,5041955,Utah Jazz,G,2026-10-04,1,19.0,19.0,0.50316,,3.0,6.0,2.0,,11.0,3.0,6.0,2.0,,1.0,0.0,19.0,19.0,59.5,VOLATILE,STARTER,PRIOR_BOX_SCORES
Davion Mitchell,4278053,Miami Heat,G,2026-10-03,316,30.86,30.6,0.17434,0.7018,12.6,2.0,5.8,1.75,20.4,12.6,2.4,6.2,1.778,0.5,8.488,21.6,36.2,80.29,STABLE,MIXED,PRIOR_BOX_SCORES
De'Anthony Melton,4066436,Golden State Warriors,G,2026-10-04,217,19.295,16.5,0.21305,0.41946,10.6,3.6,2.2,2.75,16.4,7.2,2.6,2.4,1.667,0.2,6.622,12.6,20.4,81.95,STABLE,BENCH,PRIOR_BOX_SCORES
DeMar DeRozan,3978,Denver Nuggets,G,2026-10-04,319,33.075,34.7,0.26176,0.52281,16.8,3.0,4.0,0.75,23.8,23.1,3.7,4.8,1.111,0.9,9.768,27.8,40.4,88.15,STABLE,STARTER,PRIOR_BOX_SCORES
Derrick Jones Jr.,3936099,LA Clippers,F,2026-10-04,305,16.85,18.8,0.17173,0.48808,7.4,1.4,0.4,1.0,9.2,7.1,2.0,0.3,0.778,0.2,3.736,15.0,23.2,89.04,STABLE,BENCH,PRIOR_BOX_SCORES
Draymond Green,6589,Golden State Warriors,F,2026-10-04,290,29.065,30.3,0.15414,0.50225,7.4,4.2,3.8,1.0,15.4,9.2,4.9,4.0,1.556,1.0,7.925,26.8,36.2,90.85,STABLE,STARTER,PRIOR_BOX_SCORES
Emanuel Miller,4432872,Denver Nuggets,F,2026-10-04,7,4.21,3.857,0.06472,0.36111,3.0,1.6,0.2,0.0,4.8,2.143,1.286,0.286,0.0,0.0,3.044,2.2,3.8,58.88,VOLATILE,BENCH,PRIOR_BOX_SCORES
Fletcher Loyer,5105853,LA Clippers,G,2026-10-04,1,7.0,7.0,0.0,,0.0,1.0,0.0,,1.0,0.0,1.0,0.0,,0.0,0.0,7.0,7.0,59.5,VOLATILE,BENCH,PRIOR_BOX_SCORES
Gary Payton II,3134903,Golden State Warriors,G,2026-10-04,234,15.005,16.5,0.10372,0.49236,2.2,1.0,0.6,0.25,3.8,5.0,2.0,1.5,0.889,0.1,6.36,11.0,22.0,84.51,STABLE,BENCH,PRIOR_BOX_SCORES
Georges Niang,2990969,Golden State Warriors,F,2026-10-04,351,19.54,19.8,0.211,0.56613,13.2,2.4,1.0,2.5,16.6,10.3,2.0,1.2,2.111,0.1,3.919,17.0,23.4,91.07,STABLE,BENCH,PRIOR_BOX_SCORES
Giannis Antetokounmpo,3032977,Miami Heat,F,2026-10-03,294,33.465,34.7,0.3323,0.6405,27.6,13.8,7.8,0.25,49.2,29.3,13.1,8.0,0.333,1.0,8.533,30.8,40.6,91.39,STABLE,STARTER,PRIOR_BOX_SCORES
Gradey Dick,5106258,LA Clippers,G,2026-10-04,115,25.575,25.9,0.15793,0.40353,8.2,5.2,1.4,1.75,14.8,7.8,4.5,1.2,1.667,0.9,7.609,16.0,33.2,87.72,STABLE,STARTER,PRIOR_BOX_SCORES
Graham Ike,4703396,Golden State Warriors,F,2026-10-04,1,16.0,16.0,0.37656,,11.0,5.0,1.0,,17.0,11.0,5.0,1.0,,0.0,0.0,16.0,16.0,59.5,VOLATILE,BENCH,PRIOR_BOX_SCORES
Gui Santos,4997536,Golden State Warriors,F,2026-10-04,91,9.615,8.9,0.17378,0.75977,3.6,2.4,0.8,0.25,6.8,3.5,1.6,0.8,0.444,0.0,5.974,3.6,16.2,76.51,MODERATE,BENCH,PRIOR_BOX_SCORES
Harrison Ingram,4433618,Utah Jazz,F,2026-10-04,6,7.942,7.833,0.12696,0.5,2.0,1.8,0.6,0.0,4.4,1.667,1.667,0.5,0.0,0.0,3.532,4.0,12.0,66.22,MODERATE,BENCH,PRIOR_BOX_SCORES
Ian Schieffelin,4693954,Miami Heat,F,2026-10-03,1,10.0,10.0,0.0,,11.0,3.0,1.0,,15.0,11.0,3.0,1.0,,0.0,0.0,10.0,10.0,59.5,VOLATILE,BENCH,PRIOR_BOX_SCORES
Immanuel Quickley,4395724,Toronto Raptors,G,2026-10-03,269,22.39,24.6,0.2574,0.56201,12.6,2.8,6.0,3.0,21.4,15.5,4.0,6.3,2.778,1.0,6.168,22.0,29.2,91.22,STABLE,STARTER,PRIOR_BOX_SCORES
Isaiah Collier,4683766,Utah Jazz,G,2026-10-04,72,29.4,29.4,0.19944,0.5144,16.0,3.8,7.6,0.75,27.4,13.2,3.7,6.5,1.0,0.9,5.37,27.6,32.2,91.61,STABLE,STARTER,PRIOR_BOX_SCORES
Isaiah Jackson,4432170,LA Clippers,F,2026-10-04,178,16.185,14.3,0.17616,0.58814,5.8,5.4,1.2,0.0,12.4,4.8,4.7,0.8,0.0,0.2,6.325,8.4,18.0,80.52,STABLE,BENCH,PRIOR_BOX_SCORES
J'Vonne Hadley,4702784,Miami Heat,F,2026-10-03,1,10.0,10.0,0.0,,2.0,6.0,0.0,,8.0,2.0,6.0,0.0,,0.0,0.0,10.0,10.0,59.5,VOLATILE,BENCH,PRIOR_BOX_SCORES
Ja'Kobe Walter,4684272,Toronto Raptors,G,2026-10-03,53,25.42,26.2,0.18976,0.57921,12.8,4.8,2.2,3.0,19.8,12.7,4.4,2.8,2.556,0.9,5.845,18.0,30.4,90.19,STABLE,STARTER,PRIOR_BOX_SCORES
Jaden Bradley,4432737,Toronto Raptors,G,2026-10-03,1,20.0,20.0,0.0,,9.0,3.0,2.0,,14.0,9.0,3.0,2.0,,0.0,0.0,20.0,20.0,59.5,VOLATILE,BENCH,PRIOR_BOX_SCORES
Jakob Poeltl,3134908,Toronto Raptors,C,2026-10-03,250,24.755,24.3,0.21614,0.73094,15.2,8.0,1.8,0.0,25.0,16.0,7.3,2.3,0.111,1.0,3.976,22.8,26.4,94.27,STABLE,STARTER,PRIOR_BOX_SCORES
Jalen Pickett,4398390,LA Clippers,G,2026-10-04,86,8.61,9.0,0.17343,0.325,2.6,1.4,0.6,0.75,4.6,1.7,1.0,0.6,0.333,0.0,5.099,4.6,13.2,80.17,STABLE,BENCH,PRIOR_BOX_SCORES
Jamal Shead,4432241,Toronto Raptors,G,2026-10-03,76,29.245,27.1,0.21678,0.43722,9.2,2.8,8.4,1.25,20.4,10.0,2.8,7.1,1.333,0.6,4.592,23.6,29.8,86.07,STABLE,STARTER,PRIOR_BOX_SCORES
Jaren Jackson Jr.,4277961,Utah Jazz,F,2026-10-04,308,31.735,33.1,0.22986,0.52026,15.0,4.8,1.6,0.75,21.4,17.2,4.4,2.0,2.0,1.0,6.22,28.6,37.2,93.42,STABLE,STARTER,PRIOR_BOX_SCORES
Jaxson Hayes,4397077,Utah Jazz,C,2026-10-04,263,11.235,13.9,0.16841,0.54115,1.8,2.2,1.0,0.0,5.0,3.9,4.0,0.7,0.0,0.9,6.963,8.8,20.0,80.47,STABLE,STARTER,PRIOR_BOX_SCORES
Jonas Aidoo,4684682,Utah Jazz,C,2026-10-04,1,3.0,3.0,0.0,,0.0,2.0,0.0,,2.0,0.0,2.0,0.0,,0.0,0.0,3.0,3.0,59.5,VOLATILE,BENCH,PRIOR_BOX_SCORES
Josh Okogie,4065663,Utah Jazz,G,2026-10-04,236,16.995,15.5,0.20884,0.51574,9.2,2.2,1.6,1.5,13.0,7.4,2.0,1.0,0.778,0.5,3.17,12.8,18.0,82.84,STABLE,MIXED,PRIOR_BOX_SCORES
Julian Strawther,4432181,Denver Nuggets,G,2026-10-04,128,13.305,10.9,0.1623,0.56204,7.6,2.0,0.4,1.0,10.0,5.2,1.2,0.3,0.667,0.0,6.534,4.6,18.4,79.02,MODERATE,BENCH,PRIOR_BOX_SCORES
Jusuf Nurkic,3102530,Utah Jazz,C,2026-10-04,240,19.955,19.5,0.26636,0.54292,15.2,6.4,3.2,1.0,24.8,12.0,6.5,3.1,0.778,0.5,5.679,15.0,24.4,79.81,MODERATE,MIXED,PRIOR_BOX_SCORES
Keaton Wagler,5254165,LA Clippers,G,2026-10-04,1,30.0,30.0,0.0,,15.0,6.0,3.0,,24.0,15.0,6.0,3.0,,0.0,0.0,30.0,30.0,59.5,VOLATILE,BENCH,PRIOR_BOX_SCORES
Keyonte George,4433627,Utah Jazz,G,2026-10-04,144,32.98,32.2,0.24712,0.52872,18.8,4.0,5.0,3.0,27.8,17.8,4.0,4.6,2.556,0.4,6.57,28.6,34.2,84.86,STABLE,MIXED,PRIOR_BOX_SCORES
Klay Thompson,6475,Miami Heat,G,2026-10-03,289,25.0,25.0,0.18403,0.58601,10.8,2.4,1.6,3.0,14.8,12.0,2.1,1.5,3.222,1.0,7.043,17.8,30.4,90.14,STABLE,STARTER,PRIOR_BOX_SCORES
Kris Dunn,2991139,LA Clippers,G,2026-10-04,183,17.735,21.7,0.12254,0.57262,5.2,1.6,1.2,1.25,8.0,6.2,2.8,1.5,1.444,0.8,8.626,14.8,29.4,82.09,STABLE,STARTER,PRIOR_BOX_SCORES
LJ Cryer,4433149,Golden State Warriors,G,2026-10-04,1,3.0,3.0,0.0,,1.0,0.0,0.0,,1.0,1.0,0.0,0.0,,0.0,0.0,3.0,3.0,59.5,VOLATILE,BENCH,PRIOR_BOX_SCORES
Lauri Markkanen,4066336,Utah Jazz,F,2026-10-04,233,23.915,27.1,0.27375,0.52633,15.8,3.2,0.6,3.0,19.6,17.6,4.4,0.6,2.778,1.0,6.503,23.0,32.0,91.6,STABLE,STARTER,PRIOR_BOX_SCORES
Lester Quinones,4431720,Miami Heat,G,2026-10-03,55,22.35,17.8,0.18658,0.45805,10.0,2.8,3.6,1.75,16.4,7.7,1.6,2.3,1.444,0.0,11.143,7.8,29.6,78.09,MODERATE,BENCH,PRIOR_BOX_SCORES
Lonnie Walker IV,4277890,Denver Nuggets,G,2026-10-04,218,28.01,28.4,0.2108,0.55341,19.8,3.0,2.0,4.75,24.8,16.5,3.3,3.2,3.111,0.6,9.8,20.2,37.2,79.92,MODERATE,STARTER,PRIOR_BOX_SCORES
Malachi Smith,4397784,Toronto Raptors,G,2026-10-03,1,31.0,31.0,0.2455,,7.0,5.0,2.0,,14.0,7.0,5.0,2.0,,0.0,0.0,31.0,31.0,59.5,VOLATILE,BENCH,PRIOR_BOX_SCORES
Malevy Leons,4897449,Golden State Warriors,F,2026-10-04,7,4.62,4.286,0.13664,0.27805,1.8,0.8,0.2,0.0,2.8,1.429,0.714,0.286,0.0,0.0,2.373,3.0,4.0,67.12,MODERATE,BENCH,PRIOR_BOX_SCORES
Marvin Bagley III,4277848,Denver Nuggets,F,2026-10-04,175,15.22,10.8,0.21282,0.43972,10.6,6.0,0.6,0.25,17.2,5.7,3.6,0.4,0.111,0.1,8.987,1.8,16.0,68.88,MODERATE,BENCH,PRIOR_BOX_SCORES
Max Strus,4065778,LA Clippers,G,2026-10-04,333,25.21,25.6,0.14995,0.55982,10.8,5.8,3.2,3.0,19.8,10.5,5.2,3.5,2.889,1.0,8.857,21.0,32.2,87.89,STABLE,STARTER,PRIOR_BOX_SCORES
Miles Kelly,4696317,Golden State Warriors,G,2026-10-04,1,7.0,7.0,0.43036,,2.0,0.0,1.0,,3.0,2.0,0.0,1.0,,0.0,0.0,7.0,7.0,59.5,VOLATILE,BENCH,PRIOR_BOX_SCORES
Mo Bamba,4277919,Utah Jazz,C,2026-10-04,213,14.075,13.1,0.12535,0.49617,3.2,6.4,0.8,0.0,10.4,4.7,5.0,0.6,0.556,0.2,5.804,7.6,15.4,80.49,STABLE,BENCH,PRIOR_BOX_SCORES
Myron Gardner,4431772,Miami Heat,F,2026-10-03,1,14.0,14.0,0.27314,,7.0,5.0,2.0,,14.0,7.0,5.0,2.0,,0.0,0.0,14.0,14.0,59.5,VOLATILE,BENCH,PRIOR_BOX_SCORES
Nick Martinelli,5105832,LA Clippers,F,2026-10-04,1,24.0,24.0,0.19127,,5.0,2.0,1.0,,8.0,5.0,2.0,1.0,,0.0,0.0,24.0,24.0,59.5,VOLATILE,BENCH,PRIOR_BOX_SCORES
Nick Richards,4278076,Miami Heat,C,2026-10-03,240,20.465,21.7,0.17783,0.61484,5.2,7.2,0.2,0.0,12.6,7.3,6.8,0.4,0.0,0.8,6.23,18.0,28.2,85.95,STABLE,STARTER,PRIOR_BOX_SCORES
Nikola Jokic,3112335,Denver Nuggets,C,2026-10-04,349,36.42,37.2,0.2644,0.58471,24.6,10.8,6.0,2.25,41.4,24.3,11.7,6.4,1.778,1.0,8.565,32.0,43.2,91.94,STABLE,STARTER,PRIOR_BOX_SCORES
Nikola Jovic,4997528,Miami Heat,F,2026-10-03,124,19.6,22.2,0.23432,0.43184,9.8,4.6,2.0,1.5,16.4,9.0,4.2,2.0,1.333,0.0,9.13,16.6,29.0,85.61,STABLE,BENCH,PRIOR_BOX_SCORES
Nimari Burnett,4433138,Toronto Raptors,G,2026-10-03,1,24.0,24.0,0.42281,,6.0,3.0,3.0,,12.0,6.0,3.0,3.0,,0.0,0.0,24.0,24.0,59.5,VOLATILE,BENCH,PRIOR_BOX_SCORES
Pelle Larsson,4601025,Miami Heat,G,2026-10-03,59,15.575,21.1,0.14113,0.53671,6.6,2.2,1.2,0.75,10.0,8.2,3.1,2.3,0.889,0.5,10.653,11.0,30.0,72.33,MODERATE,MIXED,PRIOR_BOX_SCORES
RJ Barrett,4395625,Toronto Raptors,F,2026-10-03,271,23.805,25.3,0.29267,0.48762,17.6,4.0,2.8,1.75,24.4,17.5,5.4,3.7,1.667,1.0,5.139,23.4,29.0,92.89,STABLE,STARTER,PRIOR_BOX_SCORES
Rui Hachimura,4066648,LA Clippers,F,2026-10-04,262,33.365,33.3,0.18281,0.64374,17.2,4.6,0.6,3.0,22.4,16.1,4.8,1.2,2.667,1.0,6.972,31.6,38.2,92.67,STABLE,STARTER,PRIOR_BOX_SCORES
Ryan Conwell,5107157,Miami Heat,G,2026-10-03,1,18.0,18.0,0.10622,,6.0,1.0,2.0,,9.0,6.0,1.0,2.0,,0.0,0.0,18.0,18.0,59.5,VOLATILE,BENCH,PRIOR_BOX_SCORES
Ryan Nembhard,4433629,Denver Nuggets,G,2026-10-04,1,17.0,17.0,0.25668,,5.0,3.0,4.0,,12.0,5.0,3.0,4.0,,0.0,0.0,17.0,17.0,59.5,VOLATILE,BENCH,PRIOR_BOX_SCORES
Scottie Barnes,4433134,Toronto Raptors,F,2026-10-03,283,25.68,26.2,0.31953,0.44584,18.8,7.0,4.6,1.25,30.4,15.8,6.7,5.0,0.889,1.0,6.29,23.2,28.6,91.6,STABLE,STARTER,PRIOR_BOX_SCORES
Simone Fontecchio,3899664,Miami Heat,F,2026-10-03,193,10.92,13.0,0.17323,0.51555,4.8,1.8,0.6,1.25,7.2,4.3,2.0,0.6,0.889,0.0,5.779,7.6,16.6,84.44,STABLE,BENCH,PRIOR_BOX_SCORES
Stephen Curry,3975,Golden State Warriors,G,2026-10-04,314,29.465,33.3,0.30471,0.63816,17.4,4.6,3.8,4.0,25.8,22.8,5.2,4.7,4.222,1.0,11.619,21.0,41.2,87.79,STABLE,STARTER,PRIOR_BOX_SCORES
Svi Mykhailiuk,3133602,Utah Jazz,G,2026-10-04,177,23.17,19.4,0.14822,0.52202,12.8,2.6,3.0,2.5,18.4,7.8,2.1,2.4,1.556,0.0,8.499,14.0,24.0,84.67,STABLE,BENCH,PRIOR_BOX_SCORES
Tamar Bates,4683933,Utah Jazz,G,2026-10-04,1,15.0,15.0,0.31867,,0.0,2.0,1.0,,3.0,0.0,2.0,1.0,,0.0,0.0,15.0,15.0,59.5,VOLATILE,BENCH,PRIOR_BOX_SCORES
Tim Hardaway Jr.,2528210,Miami Heat,G,2026-10-03,290,28.905,26.5,0.17727,0.44311,13.4,2.8,1.0,3.25,17.2,10.5,2.2,1.0,2.333,0.9,8.846,19.2,34.4,86.32,STABLE,STARTER,PRIOR_BOX_SCORES
Tre Donaldson,4837356,Miami Heat,G,2026-10-03,1,16.0,16.0,0.239,,6.0,0.0,3.0,,9.0,6.0,0.0,3.0,,0.0,0.0,16.0,16.0,59.5,VOLATILE,BENCH,PRIOR_BOX_SCORES
Trevon Brazile,4698719,Denver Nuggets,F,2026-10-04,1,20.0,20.0,0.0,,7.0,3.0,0.0,,10.0,7.0,3.0,0.0,,0.0,0.0,20.0,20.0,59.5,VOLATILE,BENCH,PRIOR_BOX_SCORES
Trey Alexander,4433268,Utah Jazz,G,2026-10-04,24,7.995,6.5,0.19947,0.52264,2.6,1.0,1.0,0.25,4.6,2.0,1.0,0.7,0.111,0.0,5.353,3.4,7.2,71.18,MODERATE,BENCH,PRIOR_BOX_SCORES
Tyreke Key,4279143,Toronto Raptors,G,2026-10-03,1,16.0,16.0,0.15855,,15.0,1.0,0.0,,16.0,15.0,1.0,0.0,,0.0,0.0,16.0,16.0,59.5,VOLATILE,BENCH,PRIOR_BOX_SCORES
Tyus Jones,3135046,Denver Nuggets,G,2026-10-04,319,18.715,19.3,0.23267,0.52483,8.6,2.2,3.4,1.75,14.2,8.9,2.3,3.4,1.667,0.2,4.051,15.8,21.2,88.65,STABLE,BENCH,PRIOR_BOX_SCORES
Vladislav Goldin,4700818,Miami Heat,C,2026-10-03,1,7.0,7.0,0.27314,,6.0,1.0,0.0,,7.0,6.0,1.0,0.0,,0.0,0.0,7.0,7.0,59.5,VOLATILE,BENCH,PRIOR_BOX_SCORES
Will Richard,4897262,Golden State Warriors,G,2026-10-04,1,17.0,17.0,0.0,,2.0,2.0,0.0,,4.0,2.0,2.0,0.0,,0.0,0.0,17.0,17.0,59.5,VOLATILE,BENCH,PRIOR_BOX_SCORES
Yaxel Lendeborg,5175737,Golden State Warriors,F,2026-10-04,1,19.0,19.0,0.0,,4.0,9.0,3.0,,16.0,4.0,9.0,3.0,,1.0,0.0,19.0,19.0,59.5,VOLATILE,STARTER,PRIOR_BOX_SCORES
Yuki Kawamura,5159895,LA Clippers,G,2026-10-04,22,6.9,5.6,0.06884,0.41094,2.6,1.0,1.2,0.75,4.8,2.3,1.0,1.2,0.556,0.0,7.99,1.0,5.4,65.0,MODERATE,BENCH,PRIOR_BOX_SCORES
Zeke Nnaji,4431690,Denver Nuggets,F,2026-10-04,225,8.6,8.6,0.18702,0.35374,1.4,1.8,0.6,0.25,3.8,1.9,1.4,0.4,0.222,0.1,6.406,2.8,13.4,71.93,MODERATE,BENCH,PRIOR_BOX_SCORES
