player,player_id,team,pos,last_game_date,projected_minutes,starter_rate_l10,minutes_sd_l10,minutes_floor_p20,minutes_ceiling_p80,rotation_stability_score,rotation_risk_band,projected_role,profile_source
AJ Dybantsa,5142718,Washington Wizards,F,2026-10-08,23.0,1.0,0.0,23.0,23.0,59.5,VOLATILE,STARTER,PRIOR_BOX_SCORES
AJ Green,4397475,Milwaukee Bucks,G,2026-10-05,25.405,0.2,8.283,19.8,26.2,84.07,STABLE,BENCH,PRIOR_BOX_SCORES
AK Okereke,5114350,Los Angeles Lakers,F,2026-10-08,9.0,0.0,4.0,6.6,11.4,48.44,VOLATILE,BENCH,PRIOR_BOX_SCORES
Aaron Gordon,3064290,Denver Nuggets,F,2026-10-06,27.135,1.0,10.94,23.0,38.2,87.69,STABLE,STARTER,PRIOR_BOX_SCORES
Aaron Nesmith,4396909,Indiana Pacers,G,2026-10-07,24.815,1.0,5.243,19.2,30.0,92.39,STABLE,STARTER,PRIOR_BOX_SCORES
Aaron Wiggins,4397183,Atlanta Hawks,G,2026-10-08,16.315,0.1,5.951,8.8,21.2,83.44,STABLE,BENCH,PRIOR_BOX_SCORES
Ace Bailey,4873138,Utah Jazz,G,2026-10-06,23.5,0.5,3.5,21.4,25.6,48.79,VOLATILE,MIXED,PRIOR_BOX_SCORES
Adam Flagler,4397654,Sacramento Kings,G,2026-10-08,11.52,0.0,8.499,2.0,10.8,65.0,MODERATE,BENCH,PRIOR_BOX_SCORES
Aday Mara,5174983,Oklahoma City Thunder,C,2026-10-07,21.5,1.0,3.5,19.4,23.6,58.3,VOLATILE,STARTER,PRIOR_BOX_SCORES
Adou Thiero,5060631,Los Angeles Lakers,F,2026-10-08,18.333,0.6667,1.886,17.0,19.4,58.23,VOLATILE,STARTER,PRIOR_BOX_SCORES
Ajay Mitchell,4900671,Oklahoma City Thunder,G,2026-10-07,9.745,0.1,6.67,2.8,17.2,71.77,MODERATE,BENCH,PRIOR_BOX_SCORES
Al Horford,3213,Golden State Warriors,C,2026-10-04,28.91,0.9,6.328,26.4,35.0,90.76,STABLE,STARTER,PRIOR_BOX_SCORES
Alex Caruso,2991350,Oklahoma City Thunder,G,2026-10-07,26.49,0.1,4.821,23.6,32.0,91.84,STABLE,BENCH,PRIOR_BOX_SCORES
Alex Karaban,4917149,Sacramento Kings,F,2026-10-08,18.0,0.0,2.0,16.8,19.2,60.11,MODERATE,BENCH,PRIOR_BOX_SCORES
Alex Morales,4593034,Orlando Magic,G,2026-10-07,24.0,0.0,0.0,24.0,24.0,59.5,VOLATILE,BENCH,PRIOR_BOX_SCORES
Alex Toohey,5170949,Golden State Warriors,F,2026-10-07,10.0,0.0,6.683,5.0,14.6,45.11,VOLATILE,BENCH,PRIOR_BOX_SCORES
Alperen Sengun,4871144,Houston Rockets,C,2026-10-09,34.085,1.0,6.12,29.6,37.6,93.61,STABLE,STARTER,PRIOR_BOX_SCORES
Alpha Diallo,4065813,Denver Nuggets,F,2026-10-06,17.0,0.0,4.0,14.6,19.4,55.76,VOLATILE,BENCH,PRIOR_BOX_SCORES
Amari Williams,4702745,Boston Celtics,F,2026-10-08,5.0,0.0,0.0,5.0,5.0,59.5,VOLATILE,BENCH,PRIOR_BOX_SCORES
Amen Thompson,4684740,Houston Rockets,G,2026-10-09,32.075,1.0,5.088,25.6,36.2,94.27,STABLE,STARTER,PRIOR_BOX_SCORES
Andre Drummond,6585,New York Knicks,C,2026-10-08,19.1,0.7,6.422,13.6,25.8,82.98,STABLE,STARTER,PRIOR_BOX_SCORES
Andrew Holifield,5116468,Oklahoma City Thunder,F,2026-10-07,6.5,0.0,0.5,6.2,6.8,61.31,MODERATE,BENCH,PRIOR_BOX_SCORES
Andrew Nembhard,4395712,Indiana Pacers,G,2026-10-07,31.375,1.0,6.034,30.2,36.2,93.34,STABLE,STARTER,PRIOR_BOX_SCORES
Andrew Wiggins,3059319,Miami Heat,F,2026-10-08,24.16,1.0,9.196,20.6,35.6,88.42,STABLE,STARTER,PRIOR_BOX_SCORES
Anthony Davis,6583,Washington Wizards,F,2026-10-08,30.12,1.0,5.142,27.8,33.4,93.92,STABLE,STARTER,PRIOR_BOX_SCORES
Anthony Edwards,4594268,Minnesota Timberwolves,G,2026-10-07,31.245,1.0,8.58,28.0,41.0,91.25,STABLE,STARTER,PRIOR_BOX_SCORES
Anthony Gill,2581184,Washington Wizards,F,2026-10-08,17.06,0.0,9.086,6.4,22.4,81.07,STABLE,BENCH,PRIOR_BOX_SCORES
Anthony Pritchard,4897155,Oklahoma City Thunder,G,2026-10-07,10.0,0.0,0.0,10.0,10.0,64.0,MODERATE,BENCH,PRIOR_BOX_SCORES
Antonio Reeves,4592686,Minnesota Timberwolves,G,2026-10-05,29.98,0.6,8.34,22.2,37.0,82.0,STABLE,STARTER,PRIOR_BOX_SCORES
Ariel Hukporti,4871141,Philadelphia 76ers,C,2026-10-05,6.11,0.2,6.6,2.0,16.2,66.38,MODERATE,BENCH,PRIOR_BOX_SCORES
Asa Newell,4873201,Atlanta Hawks,F,2026-10-08,18.0,0.0,4.0,15.6,20.4,56.22,VOLATILE,BENCH,PRIOR_BOX_SCORES
Ausar Thompson,4684742,Detroit Pistons,G,2026-10-05,22.385,1.0,3.833,20.4,27.4,94.19,STABLE,STARTER,PRIOR_BOX_SCORES
Austin Reaves,4066457,Los Angeles Lakers,G,2026-10-08,36.825,1.0,4.904,33.8,41.0,95.3,STABLE,STARTER,PRIOR_BOX_SCORES
Ayo Dosunmu,4397002,Minnesota Timberwolves,G,2026-10-07,24.285,0.6,7.349,19.4,32.6,82.22,STABLE,STARTER,PRIOR_BOX_SCORES
Baba Miller,5075626,LA Clippers,F,2026-10-04,20.0,0.0,0.0,20.0,20.0,59.5,VOLATILE,BENCH,PRIOR_BOX_SCORES
Bam Adebayo,4066261,Miami Heat,C,2026-10-08,29.755,1.0,10.483,20.8,40.4,88.5,STABLE,STARTER,PRIOR_BOX_SCORES
Baylor Scheierman,4593841,Boston Celtics,G,2026-10-08,11.23,0.3,12.53,2.8,25.4,64.76,MODERATE,BENCH,PRIOR_BOX_SCORES
Ben Humrichous,5177736,Brooklyn Nets,NAN,2026-10-08,5.5,0.0,1.5,4.6,6.4,54.45,VOLATILE,BENCH,PRIOR_BOX_SCORES
Ben Saraf,5242502,Brooklyn Nets,G,2026-10-08,13.5,0.0,1.5,12.6,14.4,60.11,MODERATE,BENCH,PRIOR_BOX_SCORES
Ben Sheppard,4433076,Indiana Pacers,G,2026-10-07,15.61,0.0,5.348,11.4,21.2,88.3,STABLE,BENCH,PRIOR_BOX_SCORES
Bennedict Mathurin,4683634,New Orleans Pelicans,G,2026-10-08,19.405,0.1,6.373,14.0,22.0,85.81,STABLE,BENCH,PRIOR_BOX_SCORES
Bennett Stirtz,5241364,Oklahoma City Thunder,G,2026-10-07,26.5,0.5,4.5,23.8,29.2,48.06,VOLATILE,MIXED,PRIOR_BOX_SCORES
Bez Mbeng,4898237,Miami Heat,G,2026-10-03,18.0,0.0,0.0,18.0,18.0,59.5,VOLATILE,BENCH,PRIOR_BOX_SCORES
Bilal Coulibaly,5104155,Washington Wizards,G,2026-10-08,27.225,0.9,8.547,27.8,35.0,87.86,STABLE,STARTER,PRIOR_BOX_SCORES
Blake Hinson,4396963,Utah Jazz,F,2026-10-06,14.5,0.0,2.5,13.0,16.0,57.97,VOLATILE,BENCH,PRIOR_BOX_SCORES
Blake Wesley,4683935,LA Clippers,G,2026-10-04,21.535,0.0,5.515,17.6,23.8,90.49,STABLE,BENCH,PRIOR_BOX_SCORES
Bobby Portis,3064482,Miami Heat,F,2026-10-08,26.715,0.1,8.462,21.6,32.2,87.15,STABLE,BENCH,PRIOR_BOX_SCORES
Bogdan Bogdanovic,3037789,Houston Rockets,G,2026-10-09,18.265,0.0,3.754,14.4,19.4,92.23,STABLE,BENCH,PRIOR_BOX_SCORES
Bogoljub Markovic,5214989,Milwaukee Bucks,F,2026-10-07,6.0,0.0,0.0,6.0,6.0,59.5,VOLATILE,BENCH,PRIOR_BOX_SCORES
Bones Hyland,4592492,Minnesota Timberwolves,G,2026-10-07,6.97,0.0,4.477,6.0,11.6,81.35,STABLE,BENCH,PRIOR_BOX_SCORES
Braden Smith,5105854,Indiana Pacers,G,2026-10-07,14.0,0.0,0.0,14.0,14.0,59.5,VOLATILE,BENCH,PRIOR_BOX_SCORES
Branden Carlson,4592435,Portland Trail Blazers,C,2026-10-07,13.685,0.0,11.809,2.0,15.4,65.0,MODERATE,BENCH,PRIOR_BOX_SCORES
Brandin Podziemski,4709138,Golden State Warriors,G,2026-10-06,29.74,0.9,7.925,20.6,39.0,88.75,STABLE,STARTER,PRIOR_BOX_SCORES
Brandon Boston Jr.,4432162,Chicago Bulls,G,2026-10-07,5.0,0.0,0.0,5.0,5.0,59.5,VOLATILE,BENCH,PRIOR_BOX_SCORES
Brandon Williams,4397040,Golden State Warriors,G,2026-10-07,18.68,0.2,5.724,16.0,23.0,85.57,STABLE,BENCH,PRIOR_BOX_SCORES
Brayden Burries,5082206,Milwaukee Bucks,G,2026-10-07,18.5,0.0,2.5,17.0,20.0,59.27,VOLATILE,BENCH,PRIOR_BOX_SCORES
Brice Williams,4592843,Detroit Pistons,F,2026-10-05,6.0,0.0,0.0,6.0,6.0,59.5,VOLATILE,BENCH,PRIOR_BOX_SCORES
Bronny James,4683774,Los Angeles Lakers,G,2026-10-08,12.25,0.2,11.672,2.0,21.2,61.0,MODERATE,BENCH,PRIOR_BOX_SCORES
Brook Lopez,3448,LA Clippers,C,2026-10-04,14.65,0.8,8.171,13.6,25.6,81.11,STABLE,STARTER,PRIOR_BOX_SCORES
Brooks Barnhizer,4684208,Oklahoma City Thunder,F,2026-10-07,22.5,0.0,3.5,20.4,24.6,58.56,VOLATILE,BENCH,PRIOR_BOX_SCORES
Bruce Brown,4065670,New York Knicks,G,2026-10-08,21.175,0.8,8.455,18.0,32.0,83.72,STABLE,STARTER,PRIOR_BOX_SCORES
Bruce Thornton,5105837,Houston Rockets,G,2026-10-09,9.0,0.0,0.0,9.0,9.0,59.5,VOLATILE,BENCH,PRIOR_BOX_SCORES
Bryce Hopkins,4565698,Denver Nuggets,F,2026-10-06,11.5,0.0,0.5,11.2,11.8,62.48,MODERATE,BENCH,PRIOR_BOX_SCORES
Bryce McGowens,4576086,New Orleans Pelicans,G,2026-10-08,7.08,0.0,5.899,1.0,6.4,65.0,MODERATE,BENCH,PRIOR_BOX_SCORES
Bub Carrington,4845374,Washington Wizards,G,2026-10-08,32.995,0.9,8.665,25.2,41.0,89.11,STABLE,STARTER,PRIOR_BOX_SCORES
Buddy Hield,2990984,Chicago Bulls,G,2026-10-07,28.235,0.9,8.295,17.8,35.4,87.74,STABLE,STARTER,PRIOR_BOX_SCORES
CJ McCollum,2490149,Atlanta Hawks,G,2026-10-08,29.375,1.0,5.139,27.0,33.2,93.94,STABLE,STARTER,PRIOR_BOX_SCORES
Cade Cunningham,4432166,Detroit Pistons,G,2026-10-05,36.34,1.0,7.671,34.6,42.0,92.66,STABLE,STARTER,PRIOR_BOX_SCORES
Caleb Houstan,4433623,New Orleans Pelicans,F,2026-10-08,10.795,0.1,9.719,6.8,18.0,74.54,MODERATE,BENCH,PRIOR_BOX_SCORES
Caleb Love,4433144,Philadelphia 76ers,G,2026-10-08,19.0,0.0,5.0,16.0,22.0,54.79,VOLATILE,BENCH,PRIOR_BOX_SCORES
Caleb Wilson,5095151,Chicago Bulls,F,2026-10-07,29.0,1.0,0.0,29.0,29.0,59.5,VOLATILE,STARTER,PRIOR_BOX_SCORES
Cam Christie,4845363,LA Clippers,G,2026-10-04,7.935,0.0,7.444,2.6,7.0,65.0,MODERATE,BENCH,PRIOR_BOX_SCORES
Cam Spencer,4433083,Memphis Grizzlies,G,2026-10-07,13.1,0.1,10.581,1.0,14.4,63.0,MODERATE,BENCH,PRIOR_BOX_SCORES
Cam Whitmore,5105592,Denver Nuggets,F,2026-10-06,9.02,0.2,12.682,1.8,20.0,61.0,MODERATE,BENCH,PRIOR_BOX_SCORES
Cameron Boozer,5041935,Memphis Grizzlies,F,2026-10-07,20.0,1.0,2.0,18.8,21.2,60.5,MODERATE,STARTER,PRIOR_BOX_SCORES
Cameron Carr,5113969,Los Angeles Lakers,G,2026-10-06,17.5,0.0,5.5,14.2,20.8,53.0,VOLATILE,BENCH,PRIOR_BOX_SCORES
Cameron Corhen,4712902,Atlanta Hawks,F,2026-10-08,3.5,0.0,0.5,3.2,3.8,59.0,VOLATILE,BENCH,PRIOR_BOX_SCORES
Cameron Johnson,3138196,Denver Nuggets,F,2026-10-06,23.18,1.0,8.151,19.0,35.2,89.66,STABLE,STARTER,PRIOR_BOX_SCORES
Caris LeVert,2991043,Milwaukee Bucks,G,2026-10-05,24.775,0.0,6.715,20.0,30.0,90.64,STABLE,BENCH,PRIOR_BOX_SCORES
Carson Cooper,5105817,Memphis Grizzlies,C,2026-10-07,10.0,0.0,5.0,7.0,13.0,46.5,VOLATILE,BENCH,PRIOR_BOX_SCORES
Carter Bryant,5061568,San Antonio Spurs,F,2026-10-08,23.0,0.0,0.0,23.0,23.0,59.5,VOLATILE,BENCH,PRIOR_BOX_SCORES
Cason Wallace,4683692,Oklahoma City Thunder,G,2026-10-07,20.13,0.4,5.407,17.8,26.4,83.63,STABLE,MIXED,PRIOR_BOX_SCORES
Cedric Coward,4903027,Memphis Grizzlies,F,2026-10-07,20.0,1.0,2.0,18.8,21.2,60.5,MODERATE,STARTER,PRIOR_BOX_SCORES
Chaney Johnson,5174655,Brooklyn Nets,F,2026-10-08,17.5,0.0,0.5,17.2,17.8,63.0,MODERATE,BENCH,PRIOR_BOX_SCORES
Charles Bassey,4397886,Golden State Warriors,C,2026-10-07,12.945,0.2,7.854,5.4,17.6,73.28,MODERATE,BENCH,PRIOR_BOX_SCORES
Chaz Lanier,4700852,Detroit Pistons,G,2026-10-05,14.0,0.0,0.0,14.0,14.0,59.5,VOLATILE,BENCH,PRIOR_BOX_SCORES
Chris Cenac Jr.,5142621,Boston Celtics,F,2026-10-08,24.0,0.0,0.0,24.0,24.0,59.5,VOLATILE,BENCH,PRIOR_BOX_SCORES
Chris Livingston,4433622,Washington Wizards,F,2026-10-08,6.16,0.0,4.8,1.8,6.0,65.0,MODERATE,BENCH,PRIOR_BOX_SCORES
Chris Manon,4702972,Los Angeles Lakers,G,2026-10-08,13.333,0.0,6.6,8.4,18.0,51.18,VOLATILE,BENCH,PRIOR_BOX_SCORES
Chris Youngblood,4706557,Portland Trail Blazers,G,2026-10-07,12.0,0.0,0.0,12.0,12.0,59.5,VOLATILE,BENCH,PRIOR_BOX_SCORES
Christian Braun,4431767,Denver Nuggets,G,2026-10-06,30.445,1.0,10.782,23.8,43.0,88.74,STABLE,STARTER,PRIOR_BOX_SCORES
Christian Koloko,4431778,New Orleans Pelicans,C,2026-10-08,9.145,0.0,6.363,3.6,15.8,79.57,MODERATE,BENCH,PRIOR_BOX_SCORES
Christoph Tilly,5109790,Oklahoma City Thunder,C,2026-10-07,16.5,0.0,8.5,11.4,21.6,45.97,VOLATILE,BENCH,PRIOR_BOX_SCORES
Chucky Hepburn,4590360,Toronto Raptors,G,2026-10-03,25.0,0.0,0.0,25.0,25.0,59.5,VOLATILE,BENCH,PRIOR_BOX_SCORES
Cody Williams,4895758,Minnesota Timberwolves,F,2026-10-07,20.465,0.8,5.158,19.6,27.2,87.68,STABLE,STARTER,PRIOR_BOX_SCORES
Cole Swider,4397134,Los Angeles Lakers,F,2026-10-08,16.585,0.0,6.051,13.6,21.6,87.76,STABLE,BENCH,PRIOR_BOX_SCORES
Coleman Hawkins,4432976,Denver Nuggets,F,2026-10-04,3.0,0.0,0.0,3.0,3.0,59.5,VOLATILE,BENCH,PRIOR_BOX_SCORES
Colin Castleton,4397204,Orlando Magic,C,2026-10-07,20.215,0.1,6.5,14.6,25.6,86.33,STABLE,BENCH,PRIOR_BOX_SCORES
Collin Gillespie,4278585,Phoenix Suns,G,2026-10-07,21.15,0.3,6.508,16.4,24.8,83.55,STABLE,BENCH,PRIOR_BOX_SCORES
Collin Murray-Boyles,5093267,Toronto Raptors,F,2026-10-03,20.0,0.0,0.0,20.0,20.0,59.5,VOLATILE,BENCH,PRIOR_BOX_SCORES
Cooper Flagg,5041939,Dallas Mavericks,F,2026-10-09,19.0,1.0,0.0,19.0,19.0,59.5,VOLATILE,STARTER,PRIOR_BOX_SCORES
Corey Kispert,4280151,Atlanta Hawks,F,2026-10-08,22.28,0.0,3.682,20.8,26.2,94.35,STABLE,BENCH,PRIOR_BOX_SCORES
Cormac Ryan,4397114,Milwaukee Bucks,G,2026-10-07,11.0,0.0,0.0,11.0,11.0,59.5,VOLATILE,BENCH,PRIOR_BOX_SCORES
Craig Porter Jr.,4701233,Cleveland Cavaliers,G,2026-10-08,10.855,0.1,12.57,3.8,22.4,67.23,MODERATE,BENCH,PRIOR_BOX_SCORES
Curtis Jones,4898369,Cleveland Cavaliers,G,2026-10-08,1.0,0.0,0.0,1.0,1.0,59.5,VOLATILE,BENCH,PRIOR_BOX_SCORES
DaRon Holmes II,4433607,Denver Nuggets,F,2026-10-06,10.0,0.0,2.0,8.8,11.2,57.0,VOLATILE,BENCH,PRIOR_BOX_SCORES
Daeqwon Plowden,4279318,Sacramento Kings,G,2026-10-08,14.127,0.0,11.2,2.6,25.0,61.42,MODERATE,BENCH,PRIOR_BOX_SCORES
Dailyn Swain,4848625,Chicago Bulls,G,2026-10-07,22.0,0.0,0.0,22.0,22.0,59.5,VOLATILE,BENCH,PRIOR_BOX_SCORES
Dain Dainja,4432189,Brooklyn Nets,F,2026-10-06,4.0,0.0,0.0,4.0,4.0,59.5,VOLATILE,BENCH,PRIOR_BOX_SCORES
Dalen Terry,4433159,Golden State Warriors,G,2026-10-07,18.495,0.3,9.529,11.8,23.2,75.77,MODERATE,BENCH,PRIOR_BOX_SCORES
Dalton Knecht,4897943,Los Angeles Lakers,F,2026-10-06,13.95,0.1,10.991,2.8,20.4,65.94,MODERATE,BENCH,PRIOR_BOX_SCORES
Damian Lillard,6606,Portland Trail Blazers,G,2026-10-07,27.8,1.0,9.759,27.0,37.0,88.76,STABLE,STARTER,PRIOR_BOX_SCORES
Dane Goodwin,4395667,Denver Nuggets,G,2026-10-04,3.0,0.0,0.0,3.0,3.0,59.5,VOLATILE,BENCH,PRIOR_BOX_SCORES
Daniel Gafford,4278049,Dallas Mavericks,F,2026-10-09,17.095,0.4,4.253,14.0,20.0,83.19,STABLE,MIXED,PRIOR_BOX_SCORES
Daniss Jenkins,5107199,Detroit Pistons,G,2026-10-05,6.73,0.0,5.841,2.0,9.6,51.59,VOLATILE,BENCH,PRIOR_BOX_SCORES
Danny Wolf,5107173,Brooklyn Nets,F,2026-10-08,15.5,0.0,0.5,15.2,15.8,62.87,MODERATE,BENCH,PRIOR_BOX_SCORES
Darius Acuff Jr.,5142620,Sacramento Kings,G,2026-10-08,25.0,1.0,2.0,23.8,26.2,61.2,MODERATE,STARTER,PRIOR_BOX_SCORES
Darius Garland,4396907,LA Clippers,G,2026-10-04,27.345,1.0,5.43,26.6,33.0,93.47,STABLE,STARTER,PRIOR_BOX_SCORES
Darryn Peterson,5041955,Utah Jazz,G,2026-10-06,24.5,1.0,5.5,21.2,27.8,56.14,VOLATILE,STARTER,PRIOR_BOX_SCORES
David Jones Garcia,4713010,San Antonio Spurs,F,2026-10-08,15.0,0.0,0.0,15.0,15.0,59.5,VOLATILE,BENCH,PRIOR_BOX_SCORES
Davion Mitchell,4278053,Miami Heat,G,2026-10-08,28.48,0.6,8.82,20.0,36.2,81.35,STABLE,STARTER,PRIOR_BOX_SCORES
Day'Ron Sharpe,4432194,Brooklyn Nets,C,2026-10-06,20.13,0.2,4.583,17.0,23.2,87.98,STABLE,BENCH,PRIOR_BOX_SCORES
De'Andre Hunter,4065732,Sacramento Kings,F,2026-10-08,20.3,0.2,5.783,16.0,28.4,86.63,STABLE,BENCH,PRIOR_BOX_SCORES
De'Anthony Melton,4066436,Golden State Warriors,G,2026-10-06,19.495,0.2,6.634,12.6,20.4,82.1,STABLE,BENCH,PRIOR_BOX_SCORES
DeMar DeRozan,3978,Denver Nuggets,G,2026-10-06,28.22,0.8,11.689,23.8,40.0,83.05,STABLE,STARTER,PRIOR_BOX_SCORES
Dean Wade,3912848,Philadelphia 76ers,F,2026-10-08,15.265,0.2,6.168,12.6,19.6,82.92,STABLE,BENCH,PRIOR_BOX_SCORES
Deandre Ayton,4278129,Washington Wizards,C,2026-10-08,26.195,1.0,7.543,21.4,34.2,91.17,STABLE,STARTER,PRIOR_BOX_SCORES
Dejounte Murray,3907497,New Orleans Pelicans,G,2026-10-06,26.975,1.0,9.751,23.8,35.2,88.59,STABLE,STARTER,PRIOR_BOX_SCORES
Deni Avdija,4683021,Portland Trail Blazers,F,2026-10-07,34.23,1.0,5.499,32.8,39.0,94.56,STABLE,STARTER,PRIOR_BOX_SCORES
Dennis Schroder,3032979,Charlotte Hornets,G,2026-10-06,25.43,0.2,4.652,25.2,30.0,89.88,STABLE,BENCH,PRIOR_BOX_SCORES
Derik Queen,4869780,New Orleans Pelicans,C,2026-10-08,16.5,0.0,0.5,16.2,16.8,62.94,MODERATE,BENCH,PRIOR_BOX_SCORES
Derrick Jones Jr.,3936099,LA Clippers,F,2026-10-04,16.85,0.2,3.736,15.0,23.2,89.04,STABLE,BENCH,PRIOR_BOX_SCORES
Desmond Bane,4066320,Orlando Magic,G,2026-10-07,31.03,1.0,7.897,26.6,38.2,91.42,STABLE,STARTER,PRIOR_BOX_SCORES
Devin Booker,3136193,Phoenix Suns,G,2026-10-07,29.29,1.0,8.28,27.0,40.0,91.16,STABLE,STARTER,PRIOR_BOX_SCORES
Devin Carter,4433188,Boston Celtics,G,2026-10-08,18.77,0.0,8.379,6.0,22.2,80.45,STABLE,BENCH,PRIOR_BOX_SCORES
Devin Vassell,4395630,San Antonio Spurs,G,2026-10-08,28.535,1.0,6.625,24.0,36.2,92.25,STABLE,STARTER,PRIOR_BOX_SCORES
Dillon Brooks,3155526,Phoenix Suns,F,2026-10-07,25.37,1.0,6.675,21.4,34.4,91.28,STABLE,STARTER,PRIOR_BOX_SCORES
Dillon Jones,4702159,Philadelphia 76ers,F,2026-10-08,7.135,0.0,5.338,1.0,10.2,68.34,MODERATE,BENCH,PRIOR_BOX_SCORES
Dillon Mitchell,5106283,Boston Celtics,F,2026-10-08,28.0,0.0,0.0,28.0,28.0,59.5,VOLATILE,BENCH,PRIOR_BOX_SCORES
Domantas Sabonis,3155942,Sacramento Kings,F,2026-10-05,30.78,1.0,9.156,26.4,39.2,90.17,STABLE,STARTER,PRIOR_BOX_SCORES
Donovan Clingan,5105565,Portland Trail Blazers,C,2026-10-07,25.725,1.0,4.451,24.0,30.2,94.17,STABLE,STARTER,PRIOR_BOX_SCORES
Donovan Mitchell,3908809,Cleveland Cavaliers,G,2026-10-08,29.95,1.0,7.074,24.0,36.2,91.91,STABLE,STARTER,PRIOR_BOX_SCORES
Dorian Finney-Smith,2578185,Atlanta Hawks,F,2026-10-08,24.82,0.2,10.778,24.8,34.2,82.62,STABLE,BENCH,PRIOR_BOX_SCORES
Drake Powell,5037873,Brooklyn Nets,G,2026-10-08,13.5,0.0,0.5,13.2,13.8,62.7,MODERATE,BENCH,PRIOR_BOX_SCORES
Draymond Green,6589,Golden State Warriors,F,2026-10-06,26.685,1.0,9.144,17.4,36.2,88.85,STABLE,STARTER,PRIOR_BOX_SCORES
Drew Eubanks,3914285,New York Knicks,F,2026-10-05,5.17,0.0,4.883,3.0,8.2,74.11,MODERATE,BENCH,PRIOR_BOX_SCORES
Drew Peterson,4397689,Chicago Bulls,F,2026-10-07,6.815,0.1,5.338,1.8,12.2,67.37,MODERATE,BENCH,PRIOR_BOX_SCORES
Drew Timme,4431695,Minnesota Timberwolves,F,2026-10-05,26.65,0.2,8.234,23.4,29.4,84.92,STABLE,BENCH,PRIOR_BOX_SCORES
Duke Miles,4702049,Philadelphia 76ers,G,2026-10-05,9.0,0.0,0.0,9.0,9.0,59.5,VOLATILE,BENCH,PRIOR_BOX_SCORES
Duncan Robinson,3157465,Detroit Pistons,F,2026-10-05,14.985,0.2,3.1,12.8,18.2,89.09,STABLE,BENCH,PRIOR_BOX_SCORES
Duop Reath,4066268,Phoenix Suns,C,2026-10-05,12.36,0.0,8.343,8.4,21.6,81.75,STABLE,BENCH,PRIOR_BOX_SCORES
Dwight Powell,2531367,Dallas Mavericks,F,2026-10-09,8.45,0.0,6.53,3.6,16.6,78.02,MODERATE,BENCH,PRIOR_BOX_SCORES
Dylan Cardwell,4433174,Sacramento Kings,C,2026-10-08,20.5,0.0,8.5,15.4,25.6,49.49,VOLATILE,BENCH,PRIOR_BOX_SCORES
Dylan Harper,5037871,San Antonio Spurs,G,2026-10-08,19.0,1.0,0.0,19.0,19.0,59.5,VOLATILE,STARTER,PRIOR_BOX_SCORES
Dyson Daniels,4869342,Atlanta Hawks,G,2026-10-08,31.105,1.0,7.43,25.8,36.2,91.69,STABLE,STARTER,PRIOR_BOX_SCORES
Ebuka Okorie,5258459,Detroit Pistons,G,2026-10-05,10.0,0.0,0.0,10.0,10.0,59.5,VOLATILE,BENCH,PRIOR_BOX_SCORES
Egor Demin,5175643,Brooklyn Nets,G,2026-10-08,20.0,1.0,2.0,18.8,21.2,60.5,MODERATE,STARTER,PRIOR_BOX_SCORES
Elfrid Payton,2583639,Sacramento Kings,G,2026-10-08,18.735,0.4,6.818,16.4,26.4,80.13,STABLE,MIXED,PRIOR_BOX_SCORES
Emanuel Miller,4432872,Denver Nuggets,F,2026-10-04,4.21,0.0,3.044,2.2,3.8,58.88,VOLATILE,BENCH,PRIOR_BOX_SCORES
Emanuel Sharp,5106058,Sacramento Kings,G,2026-10-08,25.5,0.0,4.5,22.8,28.2,57.82,VOLATILE,BENCH,PRIOR_BOX_SCORES
Enrique Freeman,4592699,Minnesota Timberwolves,F,2026-10-07,11.02,0.0,8.256,3.8,12.0,68.59,MODERATE,BENCH,PRIOR_BOX_SCORES
Ernest Udeh Jr.,5106261,Cleveland Cavaliers,C,2026-10-08,15.0,0.0,0.0,15.0,15.0,59.5,VOLATILE,BENCH,PRIOR_BOX_SCORES
Evan Mobley,4432158,Cleveland Cavaliers,C,2026-10-08,30.575,1.0,6.188,26.2,35.2,92.99,STABLE,STARTER,PRIOR_BOX_SCORES
Felix Okpara,5105841,Washington Wizards,F,2026-10-08,20.0,0.0,0.0,20.0,20.0,59.5,VOLATILE,BENCH,PRIOR_BOX_SCORES
Fletcher Loyer,5105853,LA Clippers,G,2026-10-04,7.0,0.0,0.0,7.0,7.0,59.5,VOLATILE,BENCH,PRIOR_BOX_SCORES
Franz Wagner,4566434,Orlando Magic,F,2026-10-07,34.33,1.0,7.922,32.4,40.0,91.89,STABLE,STARTER,PRIOR_BOX_SCORES
Fred VanVleet,2991230,Houston Rockets,G,2026-10-09,36.375,1.0,6.341,31.8,41.2,93.95,STABLE,STARTER,PRIOR_BOX_SCORES
GG Jackson,5105550,Memphis Grizzlies,F,2026-10-07,12.98,0.2,9.053,4.4,16.2,70.03,MODERATE,BENCH,PRIOR_BOX_SCORES
Gabe McGlothan,4398356,Boston Celtics,F,2026-10-08,5.0,0.0,0.0,5.0,5.0,59.5,VOLATILE,BENCH,PRIOR_BOX_SCORES
Gary Payton II,3134903,Golden State Warriors,G,2026-10-06,15.48,0.1,6.181,11.0,21.2,84.48,STABLE,BENCH,PRIOR_BOX_SCORES
Gary Trent Jr.,4277843,Milwaukee Bucks,G,2026-10-05,31.63,0.4,8.328,24.0,35.2,82.35,STABLE,MIXED,PRIOR_BOX_SCORES
Georges Niang,2990969,Golden State Warriors,F,2026-10-06,19.61,0.1,3.821,18.6,23.4,91.31,STABLE,BENCH,PRIOR_BOX_SCORES
Giannis Antetokounmpo,3032977,Miami Heat,F,2026-10-08,29.73,1.0,9.357,24.4,38.4,89.83,STABLE,STARTER,PRIOR_BOX_SCORES
Goga Bitadze,4348700,Orlando Magic,C,2026-10-07,7.595,0.1,8.81,2.8,21.4,70.71,MODERATE,BENCH,PRIOR_BOX_SCORES
Gradey Dick,5106258,LA Clippers,G,2026-10-04,25.575,0.9,7.609,16.0,33.2,87.72,STABLE,STARTER,PRIOR_BOX_SCORES
Graham Ike,4703396,Golden State Warriors,F,2026-10-07,17.333,0.0,4.989,13.6,20.8,58.43,VOLATILE,BENCH,PRIOR_BOX_SCORES
Grant Nelson,4702670,Brooklyn Nets,F,2026-10-08,9.0,0.0,3.0,7.2,10.8,52.33,VOLATILE,BENCH,PRIOR_BOX_SCORES
Grayson Allen,3135045,Charlotte Hornets,G,2026-10-06,22.085,0.5,6.697,16.4,28.2,79.1,MODERATE,MIXED,PRIOR_BOX_SCORES
Gui Santos,4997536,Golden State Warriors,F,2026-10-06,12.315,0.1,6.929,3.6,17.2,74.46,MODERATE,BENCH,PRIOR_BOX_SCORES
Hannes Steinbach,5281370,Charlotte Hornets,F,2026-10-06,14.0,0.0,0.0,14.0,14.0,59.5,VOLATILE,BENCH,PRIOR_BOX_SCORES
Harrison Barnes,6578,San Antonio Spurs,F,2026-10-08,26.88,0.9,7.31,17.8,33.2,88.66,STABLE,STARTER,PRIOR_BOX_SCORES
Harrison Ingram,4433618,Utah Jazz,F,2026-10-06,8.47,0.0,3.27,4.6,11.2,71.93,MODERATE,BENCH,PRIOR_BOX_SCORES
Hayden Gray,5176420,Boston Celtics,G,2026-10-08,8.0,0.0,0.0,8.0,8.0,59.5,VOLATILE,BENCH,PRIOR_BOX_SCORES
Haywood Highsmith,4291678,Phoenix Suns,F,2026-10-07,17.125,0.1,9.296,14.2,27.8,82.28,STABLE,BENCH,PRIOR_BOX_SCORES
Herbert Jones,4277813,New Orleans Pelicans,F,2026-10-08,25.21,0.9,8.852,19.6,34.0,87.01,STABLE,STARTER,PRIOR_BOX_SCORES
Hugo Gonzalez,5175647,Boston Celtics,G,2026-10-08,26.0,1.0,0.0,26.0,26.0,59.5,VOLATILE,STARTER,PRIOR_BOX_SCORES
Ian Schieffelin,4693954,Miami Heat,F,2026-10-08,11.0,0.0,1.0,10.4,11.6,60.82,MODERATE,BENCH,PRIOR_BOX_SCORES
Immanuel Quickley,4395724,Toronto Raptors,G,2026-10-03,22.39,1.0,6.168,22.0,29.2,91.22,STABLE,STARTER,PRIOR_BOX_SCORES
Isaac Jones,5107818,Detroit Pistons,C,2026-10-05,5.4,0.0,2.653,2.0,7.2,82.8,STABLE,BENCH,PRIOR_BOX_SCORES
Isaac Okoro,4432822,Chicago Bulls,F,2026-10-07,16.125,0.0,6.36,9.8,17.4,84.65,STABLE,BENCH,PRIOR_BOX_SCORES
Isaiah Collier,4683766,Utah Jazz,G,2026-10-06,26.995,0.8,6.518,24.2,32.2,87.88,STABLE,STARTER,PRIOR_BOX_SCORES
Isaiah Crawford,4592857,Houston Rockets,F,2026-10-09,4.13,0.0,3.225,2.0,6.2,71.78,MODERATE,BENCH,PRIOR_BOX_SCORES
Isaiah Evans,5061585,Minnesota Timberwolves,F,2026-10-07,7.5,0.0,0.5,7.2,7.8,61.67,MODERATE,BENCH,PRIOR_BOX_SCORES
Isaiah Jackson,4432170,LA Clippers,F,2026-10-04,16.185,0.2,6.325,8.4,18.0,80.52,STABLE,BENCH,PRIOR_BOX_SCORES
Isaiah Joe,4395702,Detroit Pistons,G,2026-10-05,9.495,0.0,5.292,4.8,15.4,80.08,STABLE,BENCH,PRIOR_BOX_SCORES
Isaiah Stewart,4432810,Memphis Grizzlies,C,2026-10-05,20.37,0.1,8.681,16.6,23.2,82.18,STABLE,BENCH,PRIOR_BOX_SCORES
Ivica Zubac,4017837,Indiana Pacers,C,2026-10-07,33.215,1.0,6.61,32.8,40.2,93.41,STABLE,STARTER,PRIOR_BOX_SCORES
J'Vonne Hadley,4702784,Miami Heat,F,2026-10-08,11.0,0.0,1.0,10.4,11.6,60.82,MODERATE,BENCH,PRIOR_BOX_SCORES
JD Davison,4576085,Orlando Magic,G,2026-10-07,5.43,0.0,5.783,1.8,11.4,69.33,MODERATE,BENCH,PRIOR_BOX_SCORES
Ja Morant,4279888,Portland Trail Blazers,G,2026-10-07,27.85,1.0,7.291,24.6,35.2,91.44,STABLE,STARTER,PRIOR_BOX_SCORES
Ja'Kobe Walter,4684272,Toronto Raptors,G,2026-10-03,25.42,0.9,5.845,18.0,30.4,90.19,STABLE,STARTER,PRIOR_BOX_SCORES
Ja'Kobi Gillespie,5107968,San Antonio Spurs,G,2026-10-08,9.0,0.0,0.0,9.0,9.0,59.5,VOLATILE,BENCH,PRIOR_BOX_SCORES
Jabari Smith Jr.,4432639,Houston Rockets,F,2026-10-09,19.61,0.1,5.936,18.2,26.2,88.81,STABLE,BENCH,PRIOR_BOX_SCORES
Jabari Walker,4432446,Philadelphia 76ers,F,2026-10-08,20.775,0.0,7.566,15.0,21.4,85.69,STABLE,BENCH,PRIOR_BOX_SCORES
Jaden Akins,4683730,New York Knicks,G,2026-10-08,7.0,0.0,1.0,6.4,7.6,59.0,VOLATILE,BENCH,PRIOR_BOX_SCORES
Jaden Bradley,4432737,Toronto Raptors,G,2026-10-03,20.0,0.0,0.0,20.0,20.0,59.5,VOLATILE,BENCH,PRIOR_BOX_SCORES
Jaden Hardy,4868423,Los Angeles Lakers,G,2026-10-08,15.915,0.0,9.521,8.8,23.4,79.8,MODERATE,BENCH,PRIOR_BOX_SCORES
Jaden McDaniels,4431671,Minnesota Timberwolves,F,2026-10-07,25.18,1.0,9.102,21.0,40.2,89.24,STABLE,STARTER,PRIOR_BOX_SCORES
Jahmai Mashack,4683934,Memphis Grizzlies,G,2026-10-05,8.0,0.0,0.0,8.0,8.0,59.5,VOLATILE,BENCH,PRIOR_BOX_SCORES
Jaime Jaquez Jr.,4432848,Milwaukee Bucks,F,2026-10-07,12.29,0.3,11.694,1.8,18.8,62.99,MODERATE,BENCH,PRIOR_BOX_SCORES
Jake LaRavia,4592691,Los Angeles Lakers,F,2026-10-08,21.175,0.1,3.202,20.2,23.2,92.79,STABLE,BENCH,PRIOR_BOX_SCORES
Jakob Poeltl,3134908,Toronto Raptors,C,2026-10-03,24.755,1.0,3.976,22.8,26.4,94.27,STABLE,STARTER,PRIOR_BOX_SCORES
Jalen Brunson,3934672,New York Knicks,G,2026-10-08,29.26,1.0,7.486,28.8,37.2,91.71,STABLE,STARTER,PRIOR_BOX_SCORES
Jalen Green,4437244,Phoenix Suns,G,2026-10-07,26.24,1.0,6.794,21.8,32.6,91.45,STABLE,STARTER,PRIOR_BOX_SCORES
Jalen Johnson,4701230,Atlanta Hawks,F,2026-10-05,29.225,1.0,8.857,30.0,38.0,90.16,STABLE,STARTER,PRIOR_BOX_SCORES
Jalen Pickett,4398390,LA Clippers,G,2026-10-04,8.61,0.0,5.099,4.6,13.2,80.17,STABLE,BENCH,PRIOR_BOX_SCORES
Jalen Slawson,4398207,Indiana Pacers,F,2026-10-07,4.745,0.0,5.147,1.0,4.8,65.0,MODERATE,BENCH,PRIOR_BOX_SCORES
Jalen Smith,4397189,Chicago Bulls,F,2026-10-07,14.395,0.2,8.791,4.0,18.4,72.15,MODERATE,BENCH,PRIOR_BOX_SCORES
Jalen Williams,4593803,Oklahoma City Thunder,G,2026-10-07,31.77,1.0,5.706,31.0,36.4,93.98,STABLE,STARTER,PRIOR_BOX_SCORES
Jalen Wilson,4431714,Atlanta Hawks,F,2026-10-08,25.27,0.4,7.338,19.8,30.2,81.89,STABLE,MIXED,PRIOR_BOX_SCORES
Jamal Cain,4278572,Orlando Magic,F,2026-10-07,23.71,0.0,10.294,13.2,27.2,82.16,STABLE,BENCH,PRIOR_BOX_SCORES
Jamal Murray,3936299,Denver Nuggets,G,2026-10-06,36.355,1.0,8.766,34.2,44.0,92.03,STABLE,STARTER,PRIOR_BOX_SCORES
Jamal Shead,4432241,Toronto Raptors,G,2026-10-03,29.245,0.6,4.592,23.6,29.8,86.07,STABLE,STARTER,PRIOR_BOX_SCORES
Jamaree Bouyea,4280245,Phoenix Suns,G,2026-10-07,15.27,0.1,13.083,3.0,18.0,63.0,MODERATE,BENCH,PRIOR_BOX_SCORES
Jameer Nelson Jr.,4592444,Philadelphia 76ers,G,2026-10-08,11.0,0.0,4.0,8.6,13.4,51.27,VOLATILE,BENCH,PRIOR_BOX_SCORES
James Wiseman,4432808,New York Knicks,C,2026-10-08,19.93,0.3,11.071,9.0,28.2,74.43,MODERATE,BENCH,PRIOR_BOX_SCORES
Jarace Walker,5106060,Indiana Pacers,F,2026-10-07,12.64,0.0,7.459,5.6,15.4,77.49,MODERATE,BENCH,PRIOR_BOX_SCORES
Jared McCain,4683778,Oklahoma City Thunder,G,2026-10-07,23.88,0.4,7.95,20.2,31.0,81.69,STABLE,MIXED,PRIOR_BOX_SCORES
Jaren Jackson Jr.,4277961,Utah Jazz,F,2026-10-06,29.66,1.0,7.937,26.8,37.2,91.32,STABLE,STARTER,PRIOR_BOX_SCORES
Jarkel Joiner,4278729,Charlotte Hornets,G,2026-10-06,14.0,0.0,0.0,14.0,14.0,59.5,VOLATILE,BENCH,PRIOR_BOX_SCORES
Jaron Pierre Jr.,4703115,New Orleans Pelicans,G,2026-10-08,12.5,0.0,0.5,12.2,12.8,62.6,MODERATE,BENCH,PRIOR_BOX_SCORES
Jarred Vanderbilt,4278077,Los Angeles Lakers,F,2026-10-08,12.575,0.0,4.036,8.8,16.6,89.05,STABLE,BENCH,PRIOR_BOX_SCORES
Jarrett Allen,4066328,Cleveland Cavaliers,C,2026-10-08,27.41,1.0,5.724,24.0,31.0,92.79,STABLE,STARTER,PRIOR_BOX_SCORES
Jase Richardson,5239561,Orlando Magic,G,2026-10-07,23.0,1.0,0.0,23.0,23.0,59.5,VOLATILE,STARTER,PRIOR_BOX_SCORES
Javon Small,4781746,Memphis Grizzlies,G,2026-10-07,10.5,0.0,2.5,9.0,12.0,55.67,VOLATILE,BENCH,PRIOR_BOX_SCORES
Javonte Green,2596112,Detroit Pistons,G,2026-10-05,9.35,0.1,6.557,4.6,14.4,75.05,MODERATE,BENCH,PRIOR_BOX_SCORES
Jaxson Hayes,4397077,Utah Jazz,C,2026-10-06,11.665,0.9,6.107,8.8,15.0,81.43,STABLE,STARTER,PRIOR_BOX_SCORES
Jay Huff,4065731,Indiana Pacers,C,2026-10-07,11.46,0.0,7.952,2.0,13.0,67.64,MODERATE,BENCH,PRIOR_BOX_SCORES
Jaylen Brown,3917376,Philadelphia 76ers,G,2026-10-08,30.42,1.0,7.935,30.4,41.0,91.78,STABLE,STARTER,PRIOR_BOX_SCORES
Jaylen Clark,4432247,Minnesota Timberwolves,G,2026-10-07,8.11,0.0,4.4,3.0,10.2,78.61,MODERATE,BENCH,PRIOR_BOX_SCORES
Jaylen Wells,5112087,Memphis Grizzlies,F,2026-10-07,23.605,1.0,7.006,21.0,29.2,90.23,STABLE,STARTER,PRIOR_BOX_SCORES
Jaylon Tyson,4683747,Cleveland Cavaliers,G,2026-10-08,10.59,0.2,12.812,2.8,18.0,61.0,MODERATE,BENCH,PRIOR_BOX_SCORES
Jayson Kent,4703889,Portland Trail Blazers,G,2026-10-07,3.0,0.0,0.0,3.0,3.0,59.5,VOLATILE,BENCH,PRIOR_BOX_SCORES
Jerami Grant,2991070,Memphis Grizzlies,F,2026-10-07,27.635,0.8,8.088,23.2,37.2,86.66,STABLE,STARTER,PRIOR_BOX_SCORES
Jeremiah Fears,5144091,New Orleans Pelicans,G,2026-10-08,18.0,0.5,1.0,17.4,18.6,52.06,VOLATILE,MIXED,PRIOR_BOX_SCORES
Jeremy Sochan,4610139,Portland Trail Blazers,F,2026-10-07,21.09,0.4,8.8,17.4,31.8,79.48,MODERATE,MIXED,PRIOR_BOX_SCORES
Jericho Sims,4277922,Milwaukee Bucks,C,2026-10-07,14.77,0.0,3.611,10.8,18.0,90.71,STABLE,BENCH,PRIOR_BOX_SCORES
Jett Howard,5105806,Dallas Mavericks,G,2026-10-09,15.65,0.0,10.21,4.0,18.8,71.18,MODERATE,BENCH,PRIOR_BOX_SCORES
Jevon Carter,3133635,Orlando Magic,G,2026-10-07,16.775,0.1,9.341,3.8,19.6,75.45,MODERATE,BENCH,PRIOR_BOX_SCORES
Joan Beringer,5279133,Minnesota Timberwolves,F,2026-10-07,17.0,0.0,2.0,15.8,18.2,59.88,VOLATILE,BENCH,PRIOR_BOX_SCORES
Jock Landale,3146557,Atlanta Hawks,C,2026-10-08,14.535,0.2,8.36,8.4,21.0,77.6,MODERATE,BENCH,PRIOR_BOX_SCORES
Joel Embiid,3059318,Philadelphia 76ers,C,2026-10-08,30.42,1.0,4.118,28.6,36.0,95.38,STABLE,STARTER,PRIOR_BOX_SCORES
John Collins,3908845,Detroit Pistons,F,2026-10-05,28.66,1.0,6.603,27.0,36.6,92.54,STABLE,STARTER,PRIOR_BOX_SCORES
John Poulakidas,4898238,Dallas Mavericks,G,2026-10-09,14.0,0.0,0.0,14.0,14.0,59.5,VOLATILE,BENCH,PRIOR_BOX_SCORES
John Tonje,4593043,Portland Trail Blazers,F,2026-10-07,3.0,0.0,0.0,3.0,3.0,59.5,VOLATILE,BENCH,PRIOR_BOX_SCORES
Jon Elmore,3155937,San Antonio Spurs,G,2026-10-08,6.0,0.0,0.0,6.0,6.0,59.5,VOLATILE,BENCH,PRIOR_BOX_SCORES
Jonas Aidoo,4684682,Utah Jazz,C,2026-10-06,5.5,0.0,2.5,4.0,7.0,48.09,VOLATILE,BENCH,PRIOR_BOX_SCORES
Jonathan Kuminga,4433247,Minnesota Timberwolves,F,2026-10-07,24.73,0.3,8.922,13.8,30.4,79.81,MODERATE,BENCH,PRIOR_BOX_SCORES
Jonathan Mogbo,5107897,Sacramento Kings,F,2026-10-08,31.725,0.5,5.224,25.0,35.6,83.93,STABLE,MIXED,PRIOR_BOX_SCORES
Jordan Clarkson,2528426,New York Knicks,G,2026-10-08,19.315,0.3,6.592,18.8,29.2,83.75,STABLE,BENCH,PRIOR_BOX_SCORES
Jordan Goodwin,4278402,Phoenix Suns,G,2026-10-07,11.58,0.0,7.338,7.0,17.4,80.83,STABLE,BENCH,PRIOR_BOX_SCORES
Jordan McLaughlin,3134916,San Antonio Spurs,G,2026-10-08,10.685,0.0,8.117,2.8,17.8,71.87,MODERATE,BENCH,PRIOR_BOX_SCORES
Jordan Poole,4277956,New Orleans Pelicans,G,2026-10-08,20.335,0.8,4.518,18.4,25.2,88.71,STABLE,STARTER,PRIOR_BOX_SCORES
Jordan Walsh,4683689,Boston Celtics,G,2026-10-08,8.165,0.1,8.13,2.0,11.4,63.0,MODERATE,BENCH,PRIOR_BOX_SCORES
Jose Alvarado,4277869,New York Knicks,G,2026-10-08,25.03,0.9,5.056,23.0,28.4,91.25,STABLE,STARTER,PRIOR_BOX_SCORES
Josh Dix,5105800,Oklahoma City Thunder,G,2026-10-07,22.0,0.0,8.0,17.2,26.8,51.27,VOLATILE,BENCH,PRIOR_BOX_SCORES
Josh Giddey,4871145,Chicago Bulls,G,2026-10-07,34.605,1.0,6.136,27.8,40.0,93.59,STABLE,STARTER,PRIOR_BOX_SCORES
Josh Green,4432811,Utah Jazz,G,2026-10-06,18.92,0.9,6.325,18.2,26.2,87.46,STABLE,STARTER,PRIOR_BOX_SCORES
Josh Hart,3062679,New York Knicks,G,2026-10-08,26.95,0.6,8.623,21.8,36.0,82.01,STABLE,STARTER,PRIOR_BOX_SCORES
Josh Minott,4687718,Brooklyn Nets,F,2026-10-08,7.68,0.0,4.903,2.0,8.2,69.36,MODERATE,BENCH,PRIOR_BOX_SCORES
Josh Okogie,4065663,Utah Jazz,G,2026-10-06,18.42,0.5,4.2,12.8,18.8,81.14,STABLE,MIXED,PRIOR_BOX_SCORES
Jrue Holiday,3995,Portland Trail Blazers,G,2026-10-07,29.145,0.9,5.665,25.8,34.4,91.58,STABLE,STARTER,PRIOR_BOX_SCORES
Julian Champagnie,4592479,San Antonio Spurs,F,2026-10-08,26.81,0.4,5.418,20.8,32.0,85.03,STABLE,MIXED,PRIOR_BOX_SCORES
Julian Phillips,5105553,Houston Rockets,F,2026-10-09,13.8,0.2,8.612,6.6,20.4,74.16,MODERATE,BENCH,PRIOR_BOX_SCORES
Julian Reese,4683742,New Orleans Pelicans,F,2026-10-08,3.0,0.0,0.0,3.0,3.0,59.5,VOLATILE,BENCH,PRIOR_BOX_SCORES
Julian Strawther,4432181,Denver Nuggets,G,2026-10-06,15.24,0.0,6.873,4.6,18.4,79.26,MODERATE,BENCH,PRIOR_BOX_SCORES
Julius Randle,3064514,Brooklyn Nets,F,2026-10-08,28.005,1.0,7.739,26.8,40.2,91.56,STABLE,STARTER,PRIOR_BOX_SCORES
Justin Champagnie,4432907,Washington Wizards,F,2026-10-08,32.645,0.9,7.877,22.2,38.0,88.96,STABLE,STARTER,PRIOR_BOX_SCORES
Justin Edwards,4711297,Philadelphia 76ers,F,2026-10-08,25.03,0.8,8.53,22.6,35.2,85.63,STABLE,STARTER,PRIOR_BOX_SCORES
Jusuf Nurkic,3102530,Utah Jazz,C,2026-10-04,19.955,0.5,5.679,15.0,24.4,79.81,MODERATE,MIXED,PRIOR_BOX_SCORES
KJ Martin,4431828,Minnesota Timberwolves,F,2026-10-05,18.495,0.1,5.587,13.6,21.6,87.32,STABLE,BENCH,PRIOR_BOX_SCORES
Kam Jones,4697268,Milwaukee Bucks,G,2026-10-07,10.0,0.0,0.0,10.0,10.0,59.5,VOLATILE,BENCH,PRIOR_BOX_SCORES
Karim Lopez,5231919,Memphis Grizzlies,F,2026-10-07,7.0,0.0,1.0,6.4,7.6,59.0,VOLATILE,BENCH,PRIOR_BOX_SCORES
Karl-Anthony Towns,3136195,New York Knicks,C,2026-10-08,29.665,1.0,7.79,26.2,37.2,91.18,STABLE,STARTER,PRIOR_BOX_SCORES
Karlo Matkovic,4997538,New Orleans Pelicans,F,2026-10-08,20.01,0.1,5.352,16.8,23.6,88.82,STABLE,BENCH,PRIOR_BOX_SCORES
Kasparas Jakucionis,5214640,Milwaukee Bucks,G,2026-10-07,18.0,0.0,0.0,18.0,18.0,59.5,VOLATILE,BENCH,PRIOR_BOX_SCORES
Keaton Wagler,5254165,LA Clippers,G,2026-10-04,30.0,0.0,0.0,30.0,30.0,59.5,VOLATILE,BENCH,PRIOR_BOX_SCORES
Keba Keita,5105647,Indiana Pacers,NAN,2026-10-07,2.0,0.0,0.0,2.0,2.0,59.5,VOLATILE,BENCH,PRIOR_BOX_SCORES
Kel'el Ware,5105623,Milwaukee Bucks,C,2026-10-07,20.68,0.9,3.124,19.0,24.2,92.84,STABLE,STARTER,PRIOR_BOX_SCORES
Keldon Johnson,4395723,San Antonio Spurs,F,2026-10-08,24.14,0.0,4.984,20.6,27.8,92.85,STABLE,BENCH,PRIOR_BOX_SCORES
Kelly Oubre Jr.,3133603,Indiana Pacers,G,2026-10-07,28.1,0.9,9.889,24.8,40.4,87.18,STABLE,STARTER,PRIOR_BOX_SCORES
Kennedy Chandler,4432646,Phoenix Suns,G,2026-10-05,6.85,0.0,4.02,2.8,10.0,77.31,MODERATE,BENCH,PRIOR_BOX_SCORES
Kenrich Williams,3133626,Oklahoma City Thunder,G,2026-10-07,11.905,0.1,5.714,4.4,14.8,76.95,MODERATE,BENCH,PRIOR_BOX_SCORES
Kentavious Caldwell-Pope,2581018,Philadelphia 76ers,G,2026-10-08,23.415,0.9,11.437,11.0,32.6,80.37,STABLE,STARTER,PRIOR_BOX_SCORES
Keon Ellis,4702177,Brooklyn Nets,G,2026-10-08,23.87,1.0,8.393,20.4,33.0,88.96,STABLE,STARTER,PRIOR_BOX_SCORES
Keshon Gilbert,4585618,Atlanta Hawks,G,2026-10-05,15.0,0.0,0.0,15.0,15.0,59.5,VOLATILE,BENCH,PRIOR_BOX_SCORES
Kevin Durant,3202,Houston Rockets,F,2026-10-09,30.345,1.0,5.804,25.4,37.0,93.67,STABLE,STARTER,PRIOR_BOX_SCORES
Kevin Huerter,4066372,Detroit Pistons,G,2026-10-05,27.99,0.9,7.236,26.8,34.6,89.61,STABLE,STARTER,PRIOR_BOX_SCORES
Kevin Knox II,4278075,Orlando Magic,F,2026-10-07,8.42,0.0,5.276,2.0,9.8,72.02,MODERATE,BENCH,PRIOR_BOX_SCORES
Kevin McCullar Jr.,4411057,New York Knicks,G,2026-10-05,8.0,0.0,7.563,2.8,12.4,44.41,VOLATILE,BENCH,PRIOR_BOX_SCORES
Kevin Porter Jr.,4397140,Milwaukee Bucks,G,2026-10-05,28.07,0.2,8.483,22.2,33.2,85.47,STABLE,BENCH,PRIOR_BOX_SCORES
Kevon Looney,3155535,Los Angeles Lakers,F,2026-10-08,12.9,0.2,5.678,5.4,17.2,78.87,MODERATE,BENCH,PRIOR_BOX_SCORES
Keyonte George,4433627,Utah Jazz,G,2026-10-06,29.69,0.5,8.743,25.8,34.2,80.0,STABLE,MIXED,PRIOR_BOX_SCORES
Khaman Maluach,5203685,Phoenix Suns,C,2026-10-07,21.0,0.0,4.0,18.6,23.4,57.33,VOLATILE,BENCH,PRIOR_BOX_SCORES
Kingston Flemings,5149077,Atlanta Hawks,G,2026-10-08,22.5,0.5,2.5,21.0,24.0,50.11,VOLATILE,MIXED,PRIOR_BOX_SCORES
Klay Thompson,6475,Miami Heat,G,2026-10-08,22.62,1.0,7.526,13.8,29.6,88.74,STABLE,STARTER,PRIOR_BOX_SCORES
Koa Peat,5041953,Phoenix Suns,F,2026-10-07,8.5,0.0,3.5,6.4,10.6,49.59,VOLATILE,BENCH,PRIOR_BOX_SCORES
Kobe Brown,4431752,Indiana Pacers,G,2026-10-07,8.085,0.0,4.843,3.0,10.8,77.4,MODERATE,BENCH,PRIOR_BOX_SCORES
Kobe Bufkin,4683736,New Orleans Pelicans,G,2026-10-08,9.995,0.0,3.534,9.2,13.0,88.86,STABLE,BENCH,PRIOR_BOX_SCORES
Kobe Johnson,4683857,Atlanta Hawks,G,2026-10-08,8.5,0.0,0.5,8.2,8.8,61.94,MODERATE,BENCH,PRIOR_BOX_SCORES
Kris Dunn,2991139,LA Clippers,G,2026-10-04,17.735,0.8,8.626,14.8,29.4,82.09,STABLE,STARTER,PRIOR_BOX_SCORES
Kris Murray,4594326,Memphis Grizzlies,F,2026-10-07,21.5,0.2,10.255,11.6,30.6,78.23,MODERATE,BENCH,PRIOR_BOX_SCORES
Kyle Kuzma,3134907,Milwaukee Bucks,F,2026-10-05,20.515,0.9,5.839,15.4,25.6,88.32,STABLE,STARTER,PRIOR_BOX_SCORES
Kyshawn George,5174563,Washington Wizards,F,2026-10-08,22.115,1.0,9.263,19.0,28.0,85.72,STABLE,STARTER,PRIOR_BOX_SCORES
LJ Cryer,4433149,Golden State Warriors,G,2026-10-07,10.0,0.0,6.164,5.4,14.4,46.92,VOLATILE,BENCH,PRIOR_BOX_SCORES
LaMelo Ball,4432816,Minnesota Timberwolves,G,2026-10-07,26.335,1.0,5.693,22.4,31.6,92.81,STABLE,STARTER,PRIOR_BOX_SCORES
Labaron Philon Jr.,4873090,Philadelphia 76ers,G,2026-10-08,23.0,0.0,2.0,21.8,24.2,60.96,MODERATE,BENCH,PRIOR_BOX_SCORES
Landry Shamet,3914044,New York Knicks,G,2026-10-08,12.025,0.0,5.356,3.0,14.4,79.4,MODERATE,BENCH,PRIOR_BOX_SCORES
Lauri Markkanen,4066336,Utah Jazz,F,2026-10-04,23.915,1.0,6.503,23.0,32.0,91.6,STABLE,STARTER,PRIOR_BOX_SCORES
LeBron James,1966,Philadelphia 76ers,F,2026-10-08,36.23,1.0,8.171,31.6,40.2,91.78,STABLE,STARTER,PRIOR_BOX_SCORES
Leaky Black,4395650,Sacramento Kings,F,2026-10-08,16.415,0.3,7.95,14.2,24.4,78.79,MODERATE,BENCH,PRIOR_BOX_SCORES
Leonard Miller,5044385,Chicago Bulls,F,2026-10-07,5.005,0.0,3.833,2.0,4.0,65.6,MODERATE,BENCH,PRIOR_BOX_SCORES
Lester Quinones,4431720,Miami Heat,G,2026-10-03,22.35,0.0,11.143,7.8,29.6,78.09,MODERATE,BENCH,PRIOR_BOX_SCORES
Liam McNeeley,5239590,Charlotte Hornets,G,2026-10-06,19.0,1.0,0.0,19.0,19.0,59.5,VOLATILE,STARTER,PRIOR_BOX_SCORES
Lonnie Walker IV,4277890,Denver Nuggets,G,2026-10-06,23.395,0.6,11.423,15.4,37.2,77.25,MODERATE,STARTER,PRIOR_BOX_SCORES
Luka Doncic,3945274,Los Angeles Lakers,G,2026-10-08,33.925,1.0,8.642,29.8,40.4,91.33,STABLE,STARTER,PRIOR_BOX_SCORES
Luka Garza,4277951,Boston Celtics,C,2026-10-08,7.55,0.1,7.297,2.0,5.4,63.0,MODERATE,BENCH,PRIOR_BOX_SCORES
Luke Kennard,3913174,Phoenix Suns,G,2026-10-07,19.19,0.0,5.862,14.6,23.0,89.09,STABLE,BENCH,PRIOR_BOX_SCORES
Luke Kornet,3064560,San Antonio Spurs,C,2026-10-08,16.455,0.1,5.216,14.0,21.4,87.45,STABLE,BENCH,PRIOR_BOX_SCORES
Malachi Smith,4397784,Toronto Raptors,G,2026-10-03,31.0,0.0,0.0,31.0,31.0,59.5,VOLATILE,BENCH,PRIOR_BOX_SCORES
Malaki Branham,4565201,Orlando Magic,F,2026-10-07,14.915,0.0,7.503,4.8,20.6,79.64,MODERATE,BENCH,PRIOR_BOX_SCORES
Malevy Leons,4897449,Golden State Warriors,F,2026-10-07,10.639,0.1111,9.219,3.0,10.0,58.28,VOLATILE,BENCH,PRIOR_BOX_SCORES
Malik Dia,4712862,New Orleans Pelicans,F,2026-10-08,6.0,0.0,0.0,6.0,6.0,59.5,VOLATILE,BENCH,PRIOR_BOX_SCORES
Mario Hezonja,2995706,Cleveland Cavaliers,F,2026-10-08,17.0,0.0,0.0,17.0,17.0,59.5,VOLATILE,BENCH,PRIOR_BOX_SCORES
Marvin Bagley III,4277848,Denver Nuggets,F,2026-10-06,13.63,0.1,8.424,2.8,16.0,73.83,MODERATE,BENCH,PRIOR_BOX_SCORES
Matas Buzelis,4711294,Chicago Bulls,F,2026-10-07,28.34,1.0,6.003,25.6,34.0,92.65,STABLE,STARTER,PRIOR_BOX_SCORES
Matisse Thybulle,3907498,Los Angeles Lakers,G,2026-10-08,25.11,0.6,6.765,20.4,29.0,82.22,STABLE,STARTER,PRIOR_BOX_SCORES
Max Christie,4432582,Dallas Mavericks,G,2026-10-09,25.47,0.2,7.088,20.8,30.8,86.31,STABLE,BENCH,PRIOR_BOX_SCORES
Max Strus,4065778,LA Clippers,G,2026-10-04,25.21,1.0,8.857,21.0,32.2,87.89,STABLE,STARTER,PRIOR_BOX_SCORES
Maxime Raynaud,4898371,Sacramento Kings,C,2026-10-08,24.0,0.5,0.0,24.0,24.0,54.0,VOLATILE,MIXED,PRIOR_BOX_SCORES
Meleek Thomas,5041951,Cleveland Cavaliers,G,2026-10-08,23.0,0.0,0.0,23.0,23.0,59.5,VOLATILE,BENCH,PRIOR_BOX_SCORES
Micah Potter,4066399,Portland Trail Blazers,C,2026-10-07,21.85,0.1,6.954,14.6,27.4,86.52,STABLE,BENCH,PRIOR_BOX_SCORES
Michael Ajayi,5176517,Charlotte Hornets,NAN,2026-10-06,19.0,0.0,0.0,19.0,19.0,59.5,VOLATILE,BENCH,PRIOR_BOX_SCORES
Michael Porter Jr.,4278104,Brooklyn Nets,F,2026-10-06,26.855,1.0,6.512,23.8,30.8,91.77,STABLE,STARTER,PRIOR_BOX_SCORES
Mikal Bridges,3147657,New York Knicks,G,2026-10-08,29.205,1.0,9.392,28.0,41.0,90.13,STABLE,STARTER,PRIOR_BOX_SCORES
Mike Conley,3195,Boston Celtics,G,2026-10-08,22.16,1.0,4.285,18.8,28.0,93.54,STABLE,STARTER,PRIOR_BOX_SCORES
Miles Bridges,4066383,Phoenix Suns,F,2026-10-07,21.41,1.0,8.285,18.0,31.4,88.12,STABLE,STARTER,PRIOR_BOX_SCORES
Miles Kelly,4696317,Golden State Warriors,G,2026-10-07,13.667,0.0,10.143,6.4,19.6,42.52,VOLATILE,BENCH,PRIOR_BOX_SCORES
Miles McBride,4431823,New York Knicks,G,2026-10-08,16.29,0.0,6.997,14.4,25.8,87.63,STABLE,BENCH,PRIOR_BOX_SCORES
Milos Uzan,5106272,Boston Celtics,G,2026-10-08,15.0,0.0,0.0,15.0,15.0,59.5,VOLATILE,BENCH,PRIOR_BOX_SCORES
Mo Bamba,4277919,Utah Jazz,C,2026-10-06,15.215,0.2,5.608,11.2,17.6,82.46,STABLE,BENCH,PRIOR_BOX_SCORES
Mohamed Diawara,5289900,New York Knicks,F,2026-10-08,15.0,0.0,2.0,13.8,16.2,59.33,VOLATILE,BENCH,PRIOR_BOX_SCORES
Morez Johnson Jr.,4873153,Dallas Mavericks,F,2026-10-09,12.0,1.0,0.0,12.0,12.0,59.5,VOLATILE,STARTER,PRIOR_BOX_SCORES
Moritz Wagner,3150844,Brooklyn Nets,C,2026-10-08,17.3,0.1,6.545,17.8,22.0,85.68,STABLE,BENCH,PRIOR_BOX_SCORES
Moussa Cisse,4701208,Dallas Mavericks,C,2026-10-09,14.0,0.0,0.0,14.0,14.0,59.5,VOLATILE,BENCH,PRIOR_BOX_SCORES
Moussa Diabate,4433249,Charlotte Hornets,F,2026-10-06,19.815,0.1,6.185,12.2,23.0,84.88,STABLE,BENCH,PRIOR_BOX_SCORES
Myles Turner,3133628,Milwaukee Bucks,C,2026-10-07,23.9,1.0,3.544,21.8,28.4,95.08,STABLE,STARTER,PRIOR_BOX_SCORES
Myron Gardner,4431772,Miami Heat,F,2026-10-08,14.5,0.0,0.5,14.2,14.8,62.79,MODERATE,BENCH,PRIOR_BOX_SCORES
Naji Marshall,4278594,Dallas Mavericks,F,2026-10-09,29.44,0.8,4.074,27.8,35.2,91.4,STABLE,STARTER,PRIOR_BOX_SCORES
Nate Ament,5164559,Milwaukee Bucks,F,2026-10-07,12.0,0.0,2.0,10.8,13.2,58.17,VOLATILE,BENCH,PRIOR_BOX_SCORES
Naz Reid,4396971,Charlotte Hornets,C,2026-10-06,22.63,0.1,4.094,20.6,28.0,91.98,STABLE,BENCH,PRIOR_BOX_SCORES
Nick Martinelli,5105832,LA Clippers,F,2026-10-04,24.0,0.0,0.0,24.0,24.0,59.5,VOLATILE,BENCH,PRIOR_BOX_SCORES
Nick Richards,4278076,Miami Heat,C,2026-10-08,18.06,0.7,6.135,14.8,25.8,83.47,STABLE,STARTER,PRIOR_BOX_SCORES
Nickeil Alexander-Walker,4278039,Atlanta Hawks,G,2026-10-08,21.06,0.2,4.915,16.8,25.6,87.73,STABLE,BENCH,PRIOR_BOX_SCORES
Nikola Jokic,3112335,Denver Nuggets,C,2026-10-06,32.0,1.0,10.452,28.8,43.2,89.43,STABLE,STARTER,PRIOR_BOX_SCORES
Nikola Jovic,4997528,Miami Heat,F,2026-10-08,21.99,0.0,8.991,16.6,29.0,85.43,STABLE,BENCH,PRIOR_BOX_SCORES
Nikola Vucevic,6478,Orlando Magic,C,2026-10-07,26.42,0.9,7.947,20.2,33.4,87.77,STABLE,STARTER,PRIOR_BOX_SCORES
Nimari Burnett,4433138,Toronto Raptors,G,2026-10-03,24.0,0.0,0.0,24.0,24.0,59.5,VOLATILE,BENCH,PRIOR_BOX_SCORES
Nique Clifford,4702384,Sacramento Kings,G,2026-10-08,20.0,0.0,8.0,15.2,24.8,50.0,VOLATILE,BENCH,PRIOR_BOX_SCORES
Noa Essengue,5242496,Chicago Bulls,F,2026-10-07,15.0,0.0,0.0,15.0,15.0,59.5,VOLATILE,BENCH,PRIOR_BOX_SCORES
Noah Clowney,4712896,Brooklyn Nets,F,2026-10-08,21.425,0.3,3.419,18.8,23.6,88.33,STABLE,BENCH,PRIOR_BOX_SCORES
Nolan Traore,5279130,Brooklyn Nets,G,2026-10-08,13.0,0.0,3.0,11.2,14.8,55.92,VOLATILE,BENCH,PRIOR_BOX_SCORES
Norchad Omier,4702134,Minnesota Timberwolves,F,2026-10-07,7.5,0.0,1.5,6.6,8.4,57.0,VOLATILE,BENCH,PRIOR_BOX_SCORES
Norman Powell,2595516,Chicago Bulls,G,2026-10-07,31.51,1.0,7.547,31.4,37.4,92.04,STABLE,STARTER,PRIOR_BOX_SCORES
OG Anunoby,3934719,New York Knicks,F,2026-10-08,30.34,1.0,8.681,31.0,37.6,90.85,STABLE,STARTER,PRIOR_BOX_SCORES
Obi Toppin,4278355,Indiana Pacers,F,2026-10-07,21.515,0.0,5.009,18.8,25.6,92.07,STABLE,BENCH,PRIOR_BOX_SCORES
Ochai Agbaji,4397018,New York Knicks,G,2026-10-05,26.6,0.6,8.089,21.8,31.2,81.36,STABLE,STARTER,PRIOR_BOX_SCORES
Olivier-Maxence Prosper,4595400,Memphis Grizzlies,F,2026-10-07,15.345,0.1,6.168,10.2,18.2,83.11,STABLE,BENCH,PRIOR_BOX_SCORES
Onyeka Okongwu,4431680,Atlanta Hawks,F,2026-10-08,30.615,1.0,9.667,26.0,40.0,89.59,STABLE,STARTER,PRIOR_BOX_SCORES
Oscar Tshiebwe,4432827,Houston Rockets,C,2026-10-09,20.37,0.1,6.046,16.8,25.0,86.98,STABLE,BENCH,PRIOR_BOX_SCORES
Oso Ighodaro,4601023,Phoenix Suns,F,2026-10-07,22.965,0.5,5.787,18.0,27.2,81.16,STABLE,MIXED,PRIOR_BOX_SCORES
Otega Oweh,5106270,Oklahoma City Thunder,G,2026-10-07,22.0,0.0,6.0,18.4,25.6,54.45,VOLATILE,BENCH,PRIOR_BOX_SCORES
Ousmane Dieng,4997526,Milwaukee Bucks,F,2026-10-07,6.215,0.0,6.249,1.8,7.2,65.0,MODERATE,BENCH,PRIOR_BOX_SCORES
PJ Hall,4701225,Charlotte Hornets,C,2026-10-06,5.25,0.0,1.908,3.0,5.6,85.48,STABLE,BENCH,PRIOR_BOX_SCORES
Pacome Dadiet,5211983,New York Knicks,F,2026-10-08,8.255,0.0,5.818,1.8,12.0,68.67,MODERATE,BENCH,PRIOR_BOX_SCORES
Paolo Banchero,4432573,Orlando Magic,F,2026-10-07,34.35,1.0,8.198,29.8,42.0,91.8,STABLE,STARTER,PRIOR_BOX_SCORES
Pascal Siakam,3149673,Indiana Pacers,F,2026-10-07,31.585,1.0,4.859,31.6,35.2,94.73,STABLE,STARTER,PRIOR_BOX_SCORES
Pat Connaughton,2578239,Charlotte Hornets,G,2026-10-06,13.375,0.1,11.472,6.8,17.2,68.69,MODERATE,BENCH,PRIOR_BOX_SCORES
Pat Spencer,4592714,Phoenix Suns,G,2026-10-07,8.73,0.0,4.294,4.6,12.4,82.52,STABLE,BENCH,PRIOR_BOX_SCORES
Patrick Williams,4431687,Chicago Bulls,F,2026-10-07,18.885,0.1,6.3,14.0,26.2,87.45,STABLE,BENCH,PRIOR_BOX_SCORES
Paul Reed,4278562,Detroit Pistons,F,2026-10-05,12.835,0.1,4.826,8.8,17.0,84.91,STABLE,BENCH,PRIOR_BOX_SCORES
Pelle Larsson,4601025,Miami Heat,G,2026-10-03,15.575,0.5,10.653,11.0,30.0,72.33,MODERATE,MIXED,PRIOR_BOX_SCORES
Pete Nance,4397233,Milwaukee Bucks,F,2026-10-07,13.57,0.1,11.898,1.8,13.2,63.0,MODERATE,BENCH,PRIOR_BOX_SCORES
Peyton Watson,4576087,Cleveland Cavaliers,G,2026-10-08,15.0,0.1,3.0,13.4,17.0,91.0,STABLE,BENCH,PRIOR_BOX_SCORES
Precious Achiuwa,4431679,Sacramento Kings,F,2026-10-08,8.595,0.2,6.61,2.0,9.8,63.42,MODERATE,BENCH,PRIOR_BOX_SCORES
Quadir Copeland,4683860,Houston Rockets,G,2026-10-09,9.0,0.0,0.0,9.0,9.0,59.5,VOLATILE,BENCH,PRIOR_BOX_SCORES
Quentin Grimes,4397014,Los Angeles Lakers,G,2026-10-08,28.67,1.0,6.135,27.8,36.4,93.16,STABLE,STARTER,PRIOR_BOX_SCORES
Quenton Jackson,4592829,Indiana Pacers,G,2026-10-07,15.425,0.0,10.948,3.6,18.4,69.35,MODERATE,BENCH,PRIOR_BOX_SCORES
Quinten Post,4593016,Memphis Grizzlies,C,2026-10-07,8.965,0.2,5.338,3.0,14.2,75.01,MODERATE,BENCH,PRIOR_BOX_SCORES
RJ Barrett,4395625,Toronto Raptors,F,2026-10-03,23.805,1.0,5.139,23.4,29.0,92.89,STABLE,STARTER,PRIOR_BOX_SCORES
RJ Davis,4433176,San Antonio Spurs,G,2026-10-08,7.0,0.0,0.0,7.0,7.0,59.5,VOLATILE,BENCH,PRIOR_BOX_SCORES
Rashaun Agee,4593815,Cleveland Cavaliers,F,2026-10-08,11.0,0.0,0.0,11.0,11.0,59.5,VOLATILE,BENCH,PRIOR_BOX_SCORES
Rasheer Fleming,5105977,Phoenix Suns,F,2026-10-07,19.5,0.0,0.5,19.2,19.8,63.1,MODERATE,BENCH,PRIOR_BOX_SCORES
RayJ Dennis,4431941,Atlanta Hawks,G,2026-10-08,13.535,0.0,8.707,2.0,17.2,68.58,MODERATE,BENCH,PRIOR_BOX_SCORES
Rayan Rupert,5099752,Philadelphia 76ers,G,2026-10-08,23.185,0.0,10.724,9.8,25.6,79.93,MODERATE,BENCH,PRIOR_BOX_SCORES
Reece Beekman,4432187,Washington Wizards,G,2026-10-08,21.85,0.4,10.327,8.6,31.2,72.57,MODERATE,MIXED,PRIOR_BOX_SCORES
Reed Sheppard,4711272,Houston Rockets,G,2026-10-09,10.705,0.2,14.193,1.0,22.6,61.0,MODERATE,BENCH,PRIOR_BOX_SCORES
Rienk Mast,4592677,Indiana Pacers,NAN,2026-10-07,5.0,0.0,0.0,5.0,5.0,59.5,VOLATILE,BENCH,PRIOR_BOX_SCORES
Riley Minix,5177362,Cleveland Cavaliers,F,2026-10-08,11.0,0.0,4.0,8.6,13.4,51.27,VOLATILE,BENCH,PRIOR_BOX_SCORES
Robert Williams III,4066211,Portland Trail Blazers,C,2026-10-07,18.4,0.2,5.181,14.0,24.0,86.15,STABLE,BENCH,PRIOR_BOX_SCORES
Rocco Zikarsky,5157587,Minnesota Timberwolves,C,2026-10-05,8.0,0.0,0.0,8.0,8.0,59.5,VOLATILE,BENCH,PRIOR_BOX_SCORES
Ronald Holland II,4683771,Detroit Pistons,F,2026-10-05,11.18,0.1,7.416,5.8,22.2,78.03,MODERATE,BENCH,PRIOR_BOX_SCORES
Royce O'Neale,2583632,Charlotte Hornets,F,2026-10-06,19.515,0.3,4.158,16.8,21.6,86.76,STABLE,BENCH,PRIOR_BOX_SCORES
Rudy Gobert,3032976,Minnesota Timberwolves,C,2026-10-07,23.735,1.0,5.224,19.0,30.0,92.72,STABLE,STARTER,PRIOR_BOX_SCORES
Rui Hachimura,4066648,LA Clippers,F,2026-10-04,33.365,1.0,6.972,31.6,38.2,92.67,STABLE,STARTER,PRIOR_BOX_SCORES
Ryan Conwell,5107157,Miami Heat,G,2026-10-08,16.0,0.0,2.0,14.8,17.2,59.62,VOLATILE,BENCH,PRIOR_BOX_SCORES
Ryan Dunn,4888725,Phoenix Suns,F,2026-10-07,25.86,0.8,5.589,22.2,30.8,88.36,STABLE,STARTER,PRIOR_BOX_SCORES
Ryan Kalkbrenner,4576060,Charlotte Hornets,C,2026-10-06,15.0,0.0,0.0,15.0,15.0,59.5,VOLATILE,BENCH,PRIOR_BOX_SCORES
Ryan Nembhard,4433629,Denver Nuggets,G,2026-10-06,16.5,0.0,0.5,16.2,16.8,62.94,MODERATE,BENCH,PRIOR_BOX_SCORES
Ryan Rollins,4591725,Milwaukee Bucks,G,2026-10-07,14.26,0.7,6.974,13.0,21.4,79.3,MODERATE,STARTER,PRIOR_BOX_SCORES
Saddiq Bey,4397136,New Orleans Pelicans,G,2026-10-08,29.24,0.8,7.264,25.6,36.2,87.75,STABLE,STARTER,PRIOR_BOX_SCORES
Saint Thomas,4897471,Philadelphia 76ers,F,2026-10-08,10.0,0.0,5.0,7.0,13.0,46.5,VOLATILE,BENCH,PRIOR_BOX_SCORES
Sam Merrill,4066757,Cleveland Cavaliers,G,2026-10-08,18.405,0.4,5.243,17.2,24.4,82.78,STABLE,MIXED,PRIOR_BOX_SCORES
Sandro Mamukelashvili,4278580,Los Angeles Lakers,F,2026-10-08,20.12,0.1,4.128,17.0,23.0,90.63,STABLE,BENCH,PRIOR_BOX_SCORES
Scoot Henderson,4683678,Portland Trail Blazers,G,2026-10-07,23.99,0.1,5.997,20.0,30.2,89.99,STABLE,BENCH,PRIOR_BOX_SCORES
Scottie Barnes,4433134,Toronto Raptors,F,2026-10-03,25.68,1.0,6.29,23.2,28.6,91.6,STABLE,STARTER,PRIOR_BOX_SCORES
Scotty Pippen Jr.,4431785,Memphis Grizzlies,G,2026-10-07,27.655,0.6,7.928,20.8,34.6,82.26,STABLE,STARTER,PRIOR_BOX_SCORES
Sean Pedulla,4709131,Houston Rockets,G,2026-10-09,4.0,0.0,0.0,4.0,4.0,59.5,VOLATILE,BENCH,PRIOR_BOX_SCORES
Sergio de Larrea,5279129,Dallas Mavericks,F,2026-10-09,24.0,0.0,0.0,24.0,24.0,59.5,VOLATILE,BENCH,PRIOR_BOX_SCORES
Seth Lundy,4431775,Dallas Mavericks,G,2026-10-09,6.08,0.0,5.589,2.6,10.0,70.36,MODERATE,BENCH,PRIOR_BOX_SCORES
Shai Gilgeous-Alexander,4278073,Oklahoma City Thunder,G,2026-10-07,34.275,1.0,6.759,33.4,40.0,93.41,STABLE,STARTER,PRIOR_BOX_SCORES
Sidy Cissoko,5081727,Portland Trail Blazers,G,2026-10-07,12.475,0.0,9.984,1.8,17.8,65.0,MODERATE,BENCH,PRIOR_BOX_SCORES
Simone Fontecchio,3899664,Miami Heat,F,2026-10-08,11.7,0.0,5.779,7.6,16.6,84.44,STABLE,BENCH,PRIOR_BOX_SCORES
Sion James,4602025,Charlotte Hornets,G,2026-10-06,17.0,0.0,0.0,17.0,17.0,59.5,VOLATILE,BENCH,PRIOR_BOX_SCORES
Stephen Curry,3975,Golden State Warriors,G,2026-10-06,27.42,1.0,12.758,13.8,41.2,85.5,STABLE,STARTER,PRIOR_BOX_SCORES
Stephon Castle,4845367,San Antonio Spurs,G,2026-10-08,30.635,1.0,5.711,29.2,35.0,93.49,STABLE,STARTER,PRIOR_BOX_SCORES
Steven Adams,2991235,Houston Rockets,C,2026-10-09,21.925,0.0,5.178,17.0,26.0,91.07,STABLE,BENCH,PRIOR_BOX_SCORES
Svi Mykhailiuk,3133602,Utah Jazz,G,2026-10-06,23.98,0.0,7.915,16.6,24.0,86.55,STABLE,BENCH,PRIOR_BOX_SCORES
Taelon Peter,4703421,San Antonio Spurs,G,2026-10-08,9.0,0.0,0.0,9.0,9.0,59.5,VOLATILE,BENCH,PRIOR_BOX_SCORES
Tamar Bates,4683933,Utah Jazz,G,2026-10-06,13.5,0.0,1.5,12.6,14.4,60.11,MODERATE,BENCH,PRIOR_BOX_SCORES
Tari Eason,4433192,Houston Rockets,F,2026-10-09,18.995,0.1,3.59,16.8,24.0,91.75,STABLE,BENCH,PRIOR_BOX_SCORES
Tarik Biberovic,5148538,Dallas Mavericks,F,2026-10-09,19.0,0.0,0.0,19.0,19.0,59.5,VOLATILE,BENCH,PRIOR_BOX_SCORES
Tarris Reed Jr.,5105809,San Antonio Spurs,C,2026-10-08,17.0,0.0,0.0,17.0,17.0,59.5,VOLATILE,BENCH,PRIOR_BOX_SCORES
Taurean Prince,2990962,Detroit Pistons,F,2026-10-05,12.815,0.6,8.45,9.6,25.0,74.9,MODERATE,STARTER,PRIOR_BOX_SCORES
Taylor Hendricks,4684806,Memphis Grizzlies,F,2026-10-07,21.91,0.8,7.419,19.0,26.6,85.0,STABLE,STARTER,PRIOR_BOX_SCORES
Terance Mann,3907823,Brooklyn Nets,G,2026-10-08,20.24,0.1,6.478,17.6,26.8,87.6,STABLE,BENCH,PRIOR_BOX_SCORES
Terrence Shannon Jr.,4432847,Minnesota Timberwolves,G,2026-10-07,12.145,0.0,5.934,2.8,16.0,76.13,MODERATE,BENCH,PRIOR_BOX_SCORES
Thomas Bryant,3934723,Cleveland Cavaliers,C,2026-10-08,5.1,0.0,3.904,2.8,9.6,78.65,MODERATE,BENCH,PRIOR_BOX_SCORES
Tidjane Salaun,5211176,Charlotte Hornets,F,2026-10-06,29.18,0.2,3.231,25.8,29.4,92.02,STABLE,BENCH,PRIOR_BOX_SCORES
Tim Hardaway Jr.,2528210,Miami Heat,G,2026-10-08,26.415,0.8,9.122,17.6,34.4,83.58,STABLE,STARTER,PRIOR_BOX_SCORES
Tobe Awaka,5105555,Chicago Bulls,F,2026-10-07,21.0,0.0,0.0,21.0,21.0,59.5,VOLATILE,BENCH,PRIOR_BOX_SCORES
Tobi Lawal,5106040,Dallas Mavericks,F,2026-10-09,15.0,0.0,0.0,15.0,15.0,59.5,VOLATILE,BENCH,PRIOR_BOX_SCORES
Tolu Smith,4397882,Detroit Pistons,F,2026-10-05,19.0,0.0,3.0,17.2,20.8,58.47,VOLATILE,BENCH,PRIOR_BOX_SCORES
Tony Bradley,4065673,New York Knicks,C,2026-10-05,7.15,0.0,3.458,5.0,10.4,84.48,STABLE,BENCH,PRIOR_BOX_SCORES
Toumani Camara,4431736,Portland Trail Blazers,F,2026-10-07,28.83,1.0,5.848,24.4,34.0,93.18,STABLE,STARTER,PRIOR_BOX_SCORES
Trae Young,4277905,Washington Wizards,G,2026-10-08,34.09,1.0,7.0,31.8,40.0,93.0,STABLE,STARTER,PRIOR_BOX_SCORES
Tre Donaldson,4837356,Miami Heat,G,2026-10-08,15.5,0.0,0.5,15.2,15.8,62.87,MODERATE,BENCH,PRIOR_BOX_SCORES
Tre Johnson,5238230,Washington Wizards,G,2026-10-08,18.0,0.0,0.0,18.0,18.0,59.5,VOLATILE,BENCH,PRIOR_BOX_SCORES
Tre Mann,4432819,Washington Wizards,G,2026-10-08,20.735,0.0,4.253,20.0,26.2,93.26,STABLE,BENCH,PRIOR_BOX_SCORES
Trendon Watford,4431675,New Orleans Pelicans,F,2026-10-08,22.68,0.6,6.274,19.0,28.0,82.54,STABLE,STARTER,PRIOR_BOX_SCORES
Trevon Brazile,4698719,Denver Nuggets,F,2026-10-06,18.5,0.0,1.5,17.6,19.4,61.16,MODERATE,BENCH,PRIOR_BOX_SCORES
Trey Alexander,4433268,Utah Jazz,G,2026-10-06,8.49,0.0,5.344,3.4,8.8,72.49,MODERATE,BENCH,PRIOR_BOX_SCORES
Trey Lyles,3136196,Minnesota Timberwolves,F,2026-10-07,21.395,0.3,10.242,16.8,38.0,79.72,MODERATE,BENCH,PRIOR_BOX_SCORES
Trey Murphy III,4397688,New Orleans Pelicans,F,2026-10-08,23.485,1.0,11.929,18.0,37.0,85.14,STABLE,STARTER,PRIOR_BOX_SCORES
Tristan Enaruna,4431734,Cleveland Cavaliers,F,2026-10-08,17.0,0.0,0.0,17.0,17.0,59.5,VOLATILE,BENCH,PRIOR_BOX_SCORES
Tristan da Silva,4702382,Orlando Magic,F,2026-10-07,14.095,0.2,12.613,4.0,26.8,64.24,MODERATE,BENCH,PRIOR_BOX_SCORES
Tucker DeVries,4837238,Boston Celtics,F,2026-10-08,11.0,0.0,0.0,11.0,11.0,59.5,VOLATILE,BENCH,PRIOR_BOX_SCORES
Ty Jerome,4065733,Memphis Grizzlies,G,2026-10-07,16.845,0.3,5.647,14.6,24.0,84.07,STABLE,BENCH,PRIOR_BOX_SCORES
Tyler Bilodeau,5105626,Brooklyn Nets,F,2026-10-08,10.0,0.0,2.0,8.8,11.2,57.0,VOLATILE,BENCH,PRIOR_BOX_SCORES
Tyler Herro,4395725,Milwaukee Bucks,G,2026-10-07,30.91,1.0,8.04,22.8,37.6,91.37,STABLE,STARTER,PRIOR_BOX_SCORES
Tyler Kolek,4433225,New York Knicks,G,2026-10-08,8.41,0.0,6.422,2.8,17.0,80.28,STABLE,BENCH,PRIOR_BOX_SCORES
Tyler Nickel,4838721,New York Knicks,F,2026-10-08,7.0,0.0,1.0,6.4,7.6,59.0,VOLATILE,BENCH,PRIOR_BOX_SCORES
Tyreke Key,4279143,Toronto Raptors,G,2026-10-03,16.0,0.0,0.0,16.0,16.0,59.5,VOLATILE,BENCH,PRIOR_BOX_SCORES
Tyrese Haliburton,4396993,Indiana Pacers,G,2026-10-07,25.37,1.0,10.042,21.6,36.2,88.05,STABLE,STARTER,PRIOR_BOX_SCORES
Tyrese Maxey,4431678,Philadelphia 76ers,G,2026-10-08,32.225,1.0,8.041,27.8,40.6,91.84,STABLE,STARTER,PRIOR_BOX_SCORES
Tyrese Proctor,5023693,Cleveland Cavaliers,G,2026-10-08,21.0,0.0,0.0,21.0,21.0,59.5,VOLATILE,BENCH,PRIOR_BOX_SCORES
Tyus Jones,3135046,Denver Nuggets,G,2026-10-06,18.445,0.2,4.253,15.0,21.2,88.12,STABLE,BENCH,PRIOR_BOX_SCORES
VJ Edgecombe,5124612,Philadelphia 76ers,G,2026-10-08,21.5,1.0,1.5,20.6,22.4,61.56,MODERATE,STARTER,PRIOR_BOX_SCORES
Victor Wembanyama,5104157,San Antonio Spurs,F,2026-10-08,22.69,0.8,11.179,15.0,34.4,81.07,STABLE,STARTER,PRIOR_BOX_SCORES
Vit Krejci,4578893,Portland Trail Blazers,G,2026-10-07,14.405,0.0,6.268,10.4,20.0,86.2,STABLE,BENCH,PRIOR_BOX_SCORES
Vladislav Goldin,4700818,Miami Heat,C,2026-10-03,7.0,0.0,0.0,7.0,7.0,59.5,VOLATILE,BENCH,PRIOR_BOX_SCORES
Walter Clayton Jr.,4896372,Memphis Grizzlies,G,2026-10-07,13.0,0.0,0.0,13.0,13.0,64.0,MODERATE,BENCH,PRIOR_BOX_SCORES
Wendell Carter Jr.,4277847,Orlando Magic,C,2026-10-07,29.135,1.0,7.382,21.0,34.4,90.74,STABLE,STARTER,PRIOR_BOX_SCORES
Will Richard,4897262,Golden State Warriors,G,2026-10-07,21.667,0.3333,8.055,15.8,26.6,48.82,VOLATILE,BENCH,PRIOR_BOX_SCORES
Will Riley,5144126,Washington Wizards,G,2026-10-08,19.0,0.0,0.0,19.0,19.0,59.5,VOLATILE,BENCH,PRIOR_BOX_SCORES
William Kyle III,5107258,Los Angeles Lakers,F,2026-10-08,6.0,0.0,2.944,3.8,8.0,51.33,VOLATILE,BENCH,PRIOR_BOX_SCORES
Wyatt Fricks,4897504,Charlotte Hornets,F,2026-10-06,13.0,0.0,0.0,13.0,13.0,59.5,VOLATILE,BENCH,PRIOR_BOX_SCORES
Yang Hansen,5217746,Portland Trail Blazers,C,2026-10-07,12.0,0.0,0.0,12.0,12.0,59.5,VOLATILE,BENCH,PRIOR_BOX_SCORES
Yaxel Lendeborg,5175737,Golden State Warriors,F,2026-10-06,20.0,1.0,1.0,19.4,20.6,62.25,MODERATE,STARTER,PRIOR_BOX_SCORES
Yuki Kawamura,5159895,LA Clippers,G,2026-10-04,6.9,0.0,7.99,1.0,5.4,65.0,MODERATE,BENCH,PRIOR_BOX_SCORES
Yves Missi,5061589,New Orleans Pelicans,C,2026-10-08,23.63,1.0,4.069,19.0,28.0,94.26,STABLE,STARTER,PRIOR_BOX_SCORES
Zaccharie Risacher,5211175,Dallas Mavericks,F,2026-10-09,21.665,1.0,6.862,16.0,26.6,89.51,STABLE,STARTER,PRIOR_BOX_SCORES
Zach Edey,4600663,Memphis Grizzlies,C,2026-10-07,25.2,1.0,7.068,24.8,33.0,91.1,STABLE,STARTER,PRIOR_BOX_SCORES
Zach LaVine,3064440,Sacramento Kings,G,2026-10-08,31.715,1.0,9.792,26.2,44.0,90.18,STABLE,STARTER,PRIOR_BOX_SCORES
Zack Austin,4702099,Cleveland Cavaliers,F,2026-10-08,1.0,0.0,0.0,1.0,1.0,59.5,VOLATILE,BENCH,PRIOR_BOX_SCORES
Zeke Nnaji,4431690,Denver Nuggets,F,2026-10-06,9.02,0.0,4.285,2.8,10.6,79.17,MODERATE,BENCH,PRIOR_BOX_SCORES
Zhaire Smith,4277923,Oklahoma City Thunder,G,2026-10-06,14.0,0.0,0.0,14.0,14.0,59.5,VOLATILE,BENCH,PRIOR_BOX_SCORES
Ziaire Williams,4433137,Los Angeles Lakers,F,2026-10-05,21.275,1.0,5.467,17.8,25.4,91.64,STABLE,STARTER,PRIOR_BOX_SCORES
Zion Williamson,4395628,New Orleans Pelicans,F,2026-10-08,24.65,1.0,5.643,24.0,30.4,92.58,STABLE,STARTER,PRIOR_BOX_SCORES
Zuby Ejiofor,5106262,Atlanta Hawks,F,2026-10-08,14.0,0.0,0.0,14.0,14.0,64.0,MODERATE,BENCH,PRIOR_BOX_SCORES
Zyon Pullin,4592979,Minnesota Timberwolves,G,2026-10-07,6.6,0.0,6.888,1.0,14.4,42.5,VOLATILE,BENCH,PRIOR_BOX_SCORES
