team,abbr,last_game_date,games_history,pace,ortg,drtg,net_rtg,ts_pct,roll5_net_rtg,roll10_net_rtg,roll5_points,roll10_points,roll5_allowed,roll10_allowed,source
Atlanta Hawks,ATL,2026-10-05,346,102.018,115.836,115.619,0.216,0.58996,-2.054,0.216,114.6,118.8,114.5,117.889,COMPLETED_TEAM_BOX_SCORES
Boston Celtics,BOS,2025-05-16,402,94.464,112.796,107.652,5.144,0.57115,0.797,5.144,105.2,106.0,105.2,101.6,COMPLETED_TEAM_BOX_SCORES
Brooklyn Nets,BKN,2026-10-06,338,100.044,105.649,117.215,-11.566,0.55635,-13.573,-11.566,109.6,107.5,119.25,117.222,COMPLETED_TEAM_BOX_SCORES
Charlotte Hornets,CHA,2026-10-06,330,99.164,101.438,117.776,-16.338,0.53879,-23.964,-16.338,93.2,99.4,118.25,116.889,COMPLETED_TEAM_BOX_SCORES
Chicago Bulls,CHI,2026-10-07,339,104.262,113.748,110.64,3.108,0.59351,9.23,3.108,114.8,119.0,102.75,115.444,COMPLETED_TEAM_BOX_SCORES
Cleveland Cavaliers,CLE,2025-05-13,356,101.912,118.337,107.972,10.365,0.5883,-3.85,10.365,114.2,119.3,117.6,109.6,COMPLETED_TEAM_BOX_SCORES
Dallas Mavericks,DAL,2025-04-18,370,99.816,109.168,117.386,-8.218,0.57438,-5.329,-8.218,108.8,108.8,114.4,117.1,COMPLETED_TEAM_BOX_SCORES
Denver Nuggets,DEN,2026-10-06,381,102.715,105.042,110.358,-5.317,0.54106,-9.008,-5.317,106.2,107.8,114.667,113.625,COMPLETED_TEAM_BOX_SCORES
Detroit Pistons,DET,2026-10-05,335,100.831,110.823,111.915,-1.092,0.57638,-0.741,-1.092,107.4,111.6,107.75,113.222,COMPLETED_TEAM_BOX_SCORES
Golden State Warriors,GSW,2026-10-07,380,95.6,107.554,111.604,-4.05,0.54603,-8.863,-4.05,112.6,106.2,119.0,107.0,COMPLETED_TEAM_BOX_SCORES
Houston Rockets,HOU,2025-05-04,335,96.184,110.58,116.936,-6.356,0.55668,-1.399,-6.356,106.8,106.5,107.8,112.8,COMPLETED_TEAM_BOX_SCORES
Indiana Pacers,IND,2026-10-07,370,99.773,107.403,109.657,-2.254,0.57792,-3.582,-2.254,107.0,108.8,106.25,109.333,COMPLETED_TEAM_BOX_SCORES
LA Clippers,LAC,2026-10-04,349,95.013,115.13,113.629,1.501,0.59055,-7.852,1.501,106.0,108.7,114.25,108.111,COMPLETED_TEAM_BOX_SCORES
Los Angeles Lakers,LAL,2026-10-06,359,93.88,110.883,113.625,-2.742,0.57454,-7.717,-2.742,107.6,106.0,111.667,106.5,COMPLETED_TEAM_BOX_SCORES
Memphis Grizzlies,MEM,2026-10-07,354,102.72,107.216,112.047,-4.832,0.55209,-8.811,-4.832,114.4,112.9,116.333,115.125,COMPLETED_TEAM_BOX_SCORES
Miami Heat,MIA,2026-10-03,385,98.373,112.149,119.301,-7.152,0.5755,-32.317,-7.152,102.2,112.5,126.0,116.667,COMPLETED_TEAM_BOX_SCORES
Milwaukee Bucks,MIL,2026-10-07,359,102.505,115.785,116.381,-0.596,0.60009,-4.244,-0.596,112.6,117.7,116.333,119.0,COMPLETED_TEAM_BOX_SCORES
Minnesota Timberwolves,MIN,2026-10-07,375,100.045,111.681,112.735,-1.054,0.5974,3.423,-1.054,118.2,112.2,117.667,112.75,COMPLETED_TEAM_BOX_SCORES
New Orleans Pelicans,NOP,2026-10-06,344,101.053,102.934,118.503,-15.569,0.53038,-22.392,-15.569,109.0,105.1,130.75,119.667,COMPLETED_TEAM_BOX_SCORES
New York Knicks,NYK,2026-10-05,371,100.493,114.057,112.93,1.127,0.58111,-0.672,1.127,108.6,112.9,112.25,113.556,COMPLETED_TEAM_BOX_SCORES
Oklahoma City Thunder,OKC,2026-10-07,366,100.05,111.166,104.982,6.184,0.56838,2.359,6.184,110.0,112.5,102.667,105.0,COMPLETED_TEAM_BOX_SCORES
Orlando Magic,ORL,2026-10-07,342,95.284,106.709,109.149,-2.44,0.53736,-12.598,-2.44,100.8,104.0,107.25,103.889,COMPLETED_TEAM_BOX_SCORES
Philadelphia 76ers,PHI,2026-10-05,359,100.524,105.695,116.895,-11.2,0.54443,-6.609,-11.2,111.8,107.6,116.5,117.333,COMPLETED_TEAM_BOX_SCORES
Phoenix Suns,PHX,2026-10-07,358,97.42,109.772,125.714,-15.942,0.55497,-2.025,-15.942,110.2,107.9,110.667,122.625,COMPLETED_TEAM_BOX_SCORES
Portland Trail Blazers,POR,2026-10-07,329,103.369,106.854,107.414,-0.56,0.52763,4.56,-0.56,112.8,111.6,106.5,110.889,COMPLETED_TEAM_BOX_SCORES
Sacramento Kings,SAC,2026-10-05,339,97.04,117.316,114.744,2.572,0.58255,-2.848,2.572,106.8,112.6,110.75,111.333,COMPLETED_TEAM_BOX_SCORES
San Antonio Spurs,SAS,2025-04-13,329,101.048,110.288,118.261,-7.973,0.57852,-4.66,-7.973,112.6,111.1,117.6,119.3,COMPLETED_TEAM_BOX_SCORES
Toronto Raptors,TOR,2026-10-03,336,103.031,110.704,110.65,0.054,0.54763,2.873,0.054,114.2,113.2,113.5,114.0,COMPLETED_TEAM_BOX_SCORES
Utah Jazz,UTA,2026-10-06,336,104.77,107.288,126.093,-18.805,0.53905,-12.147,-18.805,112.8,111.4,129.0,132.0,COMPLETED_TEAM_BOX_SCORES
Washington Wizards,WAS,2025-04-13,328,99.26,103.636,121.512,-17.876,0.53855,-18.1,-17.876,99.8,102.7,117.4,120.4,COMPLETED_TEAM_BOX_SCORES
