game_date,game_id,player,team,position,starter,minutes,pts,reb,ast,stl,blk,tov,fgm,fga,threes,threes_att,ftm,fta,plus_minus,scraped_at
2026-10-09,401898395,Kevin Durant,Houston Rockets,F,True,23.0,15.0,0.0,2.0,0.0,1.0,1.0,,,,,,,11.0,2026-10-09T18:40:07.442764
2026-10-09,401898395,Jabari Smith Jr.,Houston Rockets,F,True,22.0,12.0,4.0,1.0,1.0,0.0,0.0,,,,,,,12.0,2026-10-09T18:40:07.442782
2026-10-09,401898395,Alperen Sengun,Houston Rockets,C,True,22.0,16.0,10.0,10.0,1.0,0.0,3.0,,,,,,,22.0,2026-10-09T18:40:07.442793
2026-10-09,401898395,Fred VanVleet,Houston Rockets,G,True,24.0,17.0,2.0,7.0,2.0,0.0,1.0,,,,,,,15.0,2026-10-09T18:40:07.442799
2026-10-09,401898395,Amen Thompson,Houston Rockets,G,True,24.0,8.0,7.0,2.0,1.0,1.0,6.0,,,,,,,7.0,2026-10-09T18:40:07.442805
2026-10-09,401898395,Tari Eason,Houston Rockets,F,False,24.0,20.0,9.0,2.0,2.0,0.0,0.0,,,,,,,17.0,2026-10-09T18:40:07.442813
2026-10-09,401898395,Isaiah Crawford,Houston Rockets,F,False,12.0,4.0,1.0,0.0,1.0,1.0,1.0,,,,,,,7.0,2026-10-09T18:40:07.442818
2026-10-09,401898395,Julian Phillips,Houston Rockets,F,False,7.0,0.0,0.0,0.0,0.0,0.0,0.0,,,,,,,-5.0,2026-10-09T18:40:07.442828
2026-10-09,401898395,Steven Adams,Houston Rockets,C,False,14.0,2.0,3.0,1.0,1.0,0.0,1.0,,,,,,,-3.0,2026-10-09T18:40:07.442835
2026-10-09,401898395,Oscar Tshiebwe,Houston Rockets,C,False,12.0,5.0,3.0,1.0,0.0,0.0,2.0,,,,,,,-1.0,2026-10-09T18:40:07.442841
2026-10-09,401898395,Bogdan Bogdanovic,Houston Rockets,G,False,16.0,4.0,2.0,4.0,0.0,0.0,1.0,,,,,,,16.0,2026-10-09T18:40:07.442847
2026-10-09,401898395,Quadir Copeland,Houston Rockets,G,False,9.0,3.0,1.0,1.0,1.0,0.0,2.0,,,,,,,-8.0,2026-10-09T18:40:07.442852
2026-10-09,401898395,Sean Pedulla,Houston Rockets,G,False,4.0,0.0,0.0,2.0,0.0,0.0,0.0,,,,,,,-4.0,2026-10-09T18:40:07.442860
2026-10-09,401898395,Reed Sheppard,Houston Rockets,G,False,19.0,16.0,1.0,1.0,1.0,0.0,1.0,,,,,,,12.0,2026-10-09T18:40:07.442866
2026-10-09,401898395,Bruce Thornton,Houston Rockets,G,False,9.0,13.0,0.0,2.0,0.0,1.0,2.0,,,,,,,-8.0,2026-10-09T18:40:07.442871
2026-10-09,401898395,Jae'Sean Tate,Houston Rockets,F,False,,,,,,,,,,,,,,,2026-10-09T18:40:07.442875
2026-10-09,401898395,Clint Capela,Houston Rockets,C,False,,,,,,,,,,,,,,,2026-10-09T18:40:07.442879
2026-10-09,401898395,Marcus Smart,Houston Rockets,G,False,,,,,,,,,,,,,,,2026-10-09T18:40:07.442882
2026-10-09,401898395,Naji Marshall,Dallas Mavericks,F,True,24.0,16.0,2.0,3.0,0.0,0.0,2.0,,,,,,,-13.0,2026-10-09T18:40:07.442890
2026-10-09,401898395,Morez Johnson Jr.,Dallas Mavericks,F,True,12.0,4.0,2.0,1.0,1.0,0.0,0.0,,,,,,,-7.0,2026-10-09T18:40:07.442895
2026-10-09,401898395,Cooper Flagg,Dallas Mavericks,F,True,19.0,19.0,6.0,3.0,1.0,1.0,2.0,,,,,,,-15.0,2026-10-09T18:40:07.442901
2026-10-09,401898395,Zaccharie Risacher,Dallas Mavericks,F,True,24.0,9.0,8.0,1.0,1.0,0.0,1.0,,,,,,,-13.0,2026-10-09T18:40:07.442906
2026-10-09,401898395,Max Christie,Dallas Mavericks,G,True,24.0,14.0,2.0,2.0,1.0,0.0,0.0,,,,,,,-12.0,2026-10-09T18:40:07.442913
2026-10-09,401898395,Dwight Powell,Dallas Mavericks,F,False,13.0,1.0,1.0,8.0,0.0,1.0,1.0,,,,,,,0.0,2026-10-09T18:40:07.442918
2026-10-09,401898395,Daniel Gafford,Dallas Mavericks,F,False,8.0,7.0,3.0,0.0,1.0,0.0,1.0,,,,,,,-3.0,2026-10-09T18:40:07.442925
2026-10-09,401898395,Tobi Lawal,Dallas Mavericks,F,False,15.0,13.0,1.0,0.0,2.0,0.0,2.0,,,,,,,2.0,2026-10-09T18:40:07.442930
2026-10-09,401898395,Tarik Biberovic,Dallas Mavericks,F,False,19.0,9.0,3.0,2.0,0.0,0.0,0.0,,,,,,,-3.0,2026-10-09T18:40:07.442936
2026-10-09,401898395,Sergio de Larrea,Dallas Mavericks,F,False,24.0,11.0,2.0,6.0,1.0,0.0,4.0,,,,,,,-3.0,2026-10-09T18:40:07.442941
2026-10-09,401898395,Moussa Cisse,Dallas Mavericks,C,False,14.0,0.0,6.0,3.0,2.0,0.0,2.0,,,,,,,-8.0,2026-10-09T18:40:07.442946
2026-10-09,401898395,Seth Lundy,Dallas Mavericks,G,False,14.0,3.0,1.0,0.0,0.0,0.0,1.0,,,,,,,-8.0,2026-10-09T18:40:07.442951
2026-10-09,401898395,John Poulakidas,Dallas Mavericks,G,False,14.0,3.0,0.0,2.0,0.0,0.0,1.0,,,,,,,-5.0,2026-10-09T18:40:07.442957
2026-10-09,401898395,Jett Howard,Dallas Mavericks,G,False,16.0,8.0,1.0,3.0,2.0,0.0,1.0,,,,,,,-2.0,2026-10-09T18:40:07.442962
2026-10-09,401898395,Caleb Martin,Dallas Mavericks,F,False,,,,,,,,,,,,,,,2026-10-09T18:40:07.442966
2026-10-09,401898395,P.J. Washington,Dallas Mavericks,F,False,,,,,,,,,,,,,,,2026-10-09T18:40:07.442971
2026-10-09,401898395,Santi Aldama,Dallas Mavericks,F,False,,,,,,,,,,,,,,,2026-10-09T18:40:07.442975
2026-10-09,401898395,Dereck Lively II,Dallas Mavericks,C,False,,,,,,,,,,,,,,,2026-10-09T18:40:07.442979
2026-10-09,401898395,Kyrie Irving,Dallas Mavericks,G,False,,,,,,,,,,,,,,,2026-10-09T18:40:07.442982
2026-10-09,401898395,Marcus Sasser,Dallas Mavericks,G,False,,,,,,,,,,,,,,,2026-10-09T18:40:07.442986
