game_date,game_id,status,is_final,in_progress,home_team,away_team,home_score,away_score,actual_spread,actual_total,home_q1,home_q2,home_q3,home_q4,away_q1,away_q2,away_q3,away_q4,posted_spread,posted_total,venue,attendance,scraped_at
2026-10-03,401902644,STATUS_SCHEDULED,False,False,Toronto Raptors,Miami Heat,0,0,0,0,,,,,,,,,,,Videotron Centre,0,2026-10-03T16:59:56.136732
2026-10-05,401898388,STATUS_SCHEDULED,False,False,Atlanta Hawks,Memphis Grizzlies,0,0,0,0,,,,,,,,,ATL -3.5,232.5,State Farm Arena,0,2026-10-05T20:58:45.702629
2026-10-05,401908947,STATUS_SCHEDULED,False,False,Detroit Pistons,Phoenix Suns,0,0,0,0,,,,,,,,,DET -2.5,216.5,Little Caesars Arena,0,2026-10-05T20:58:45.702646
2026-10-05,401914101,STATUS_SCHEDULED,False,False,Philadelphia 76ers,New York Knicks,0,0,0,0,,,,,,,,,NY -4.5,227.5,Xfinity Mobile Arena,0,2026-10-05T20:58:45.702655
2026-10-06,401901820,STATUS_SCHEDULED,False,False,Charlotte Hornets,Brooklyn Nets,0,0,0,0,,,,,,,,,CHA -5.5,212.5,Spectrum Center,0,2026-10-06T18:47:07.439114
2026-10-07,401914123,STATUS_SCHEDULED,False,False,Indiana Pacers,Minnesota Timberwolves,0,0,0,0,,,,,,,,,MIN -2.5,235.5,Hilton Coliseum,0,2026-10-07T19:13:23.804342
2026-10-08,401898392,STATUS_SCHEDULED,False,False,Cleveland Cavaliers,Boston Celtics,0,0,0,0,,,,,,,,,BOS -3.5,221.5,Rocket Arena,0,2026-10-08T19:09:37.971779
2026-10-08,401898393,STATUS_SCHEDULED,False,False,Miami Heat,New Orleans Pelicans,0,0,0,0,,,,,,,,,MIA -6.5,235.5,Kaseya Center,0,2026-10-08T19:09:37.971800
2026-10-08,401901823,STATUS_SCHEDULED,False,False,Brooklyn Nets,Philadelphia 76ers,0,0,0,0,,,,,,,,,PHI -8.5,219.5,Barclays Center,0,2026-10-08T19:09:37.971809
2026-10-08,401906508,STATUS_SCHEDULED,False,False,New York Knicks,Washington Wizards,0,0,0,0,,,,,,,,,NY -5.5,228.5,Madison Square Garden,0,2026-10-08T19:09:37.971825
2026-10-09,401898395,STATUS_FINAL,True,False,Dallas Mavericks,Houston Rockets,117,135,-18,252,19.0,26.0,35.0,37.0,27.0,38.0,34.0,36.0,,,Venetian Arena,11564,2026-10-09T18:40:07.362911
2026-10-10,401908940,STATUS_SCHEDULED,False,False,Chicago Bulls,Memphis Grizzlies,0,0,0,0,,,,,,,,,CHI -3.5,239.5,United Center,0,2026-10-09T18:40:07.362934
